Markets,Months,Products,value
US,Jan-07,200S,677.0
US,Feb-07,200S,88.0
US,Mar-07,200S,81.0
US,Jan-07,300S,28.0
US,Feb-07,300S,28.0
US,Mar-07,300S,22.0
US,Jan-07,600S,6.0
US,Feb-07,600S,2.0
US,Mar-07,600S,5.0
US,Jan-07,626S,73.0
US,Feb-07,626S,79.0
US,Mar-07,626S,82.0
US,Jan-07,676S,47.0
US,Feb-07,676S,49.0
US,Mar-07,676S,56.0
US,Jan-07,676RS,101.0
US,Feb-07,676RS,106.0
US,Mar-07,676RS,116.0
US,Jan-07,900S,9.0
US,Feb-07,900S,14.0
US,Mar-07,900S,6.0
US,Jan-07,929S,107.0
US,Feb-07,929S,106.0
US,Mar-07,929S,107.0
US,Jan-07,996S,70.0
US,Feb-07,996S,68.0
US,Mar-07,996S,68.0
US,Jan-07,996RS,15.0
US,Feb-07,996RS,17.0
US,Mar-07,996RS,15.0
US,Jan-07,RoadStar,54.0
US,Feb-07,RoadStar,80.0
US,Mar-07,RoadStar,77.0
US,Jan-07,RoadLiner,16.0
US,Feb-07,RoadLiner,20.0
US,Mar-07,RoadLiner,17.0
US,Jan-07,Victory,97.0
US,Feb-07,Victory,32.0
US,Mar-07,Victory,95.0
US,Jan-07,Boulevard,84.0
US,Feb-07,Boulevard,92.0
US,Mar-07,Boulevard,93.0
US,Jan-07,KingTwin,36.0
US,Feb-07,KingTwin,25.0
US,Mar-07,KingTwin,24.0
US,Jan-07,MegaTwin,66.0
US,Feb-07,MegaTwin,71.0
US,Mar-07,MegaTwin,75.0
US,Jan-07,ST900,40.0
US,Feb-07,ST900,4.0
US,Mar-07,ST900,16.0
US,Jan-07,ST1200,58.0
US,Feb-07,ST1200,62.0
US,Mar-07,ST1200,64.0
US,Jan-07,ST1200R,76.0
US,Feb-07,ST1200R,73.0
US,Mar-07,ST1200R,79.0
US,Jan-07,Bandit 900,22.0
US,Feb-07,Bandit 900,5.0
US,Mar-07,Bandit 900,1.0
US,Jan-07,Bandit 1200,97.0
US,Feb-07,Bandit 1200,90.0
US,Mar-07,Bandit 1200,67.0
US,Jan-07,Bandit 1200S,59.0
US,Feb-07,Bandit 1200S,56.0
US,Mar-07,Bandit 1200S,59.0
US,Jan-07,Enduro 350,62.0
US,Feb-07,Enduro 350,6.0
US,Mar-07,Enduro 350,60.0
US,Jan-07,Enduro 450,27.0
US,Feb-07,Enduro 450,7.0
US,Mar-07,Enduro 450,66.0
US,Jan-07,Enduro 550,90.0
US,Feb-07,Enduro 550,92.0
US,Mar-07,Enduro 550,100.0
US,Jan-07,CRX500,24.0
US,Feb-07,CRX500,7.0
US,Mar-07,CRX500,1.0
US,Jan-07,CRS550,96.0
US,Feb-07,CRS550,93.0
US,Mar-07,CRS550,97.0
US,Jan-07,CRX600,66.0
US,Feb-07,CRX600,66.0
US,Mar-07,CRX600,63.0
US,Jan-07,CRX650,42.0
US,Feb-07,CRX650,42.0
US,Mar-07,CRX650,45.0
Canada,Jan-07,200S,37.0
Canada,Feb-07,200S,79.0
Canada,Mar-07,200S,97.0
Canada,Jan-07,300S,20.0
Canada,Feb-07,300S,23.0
Canada,Mar-07,300S,22.0
Canada,Jan-07,600S,74.0
Canada,Feb-07,600S,71.0
Canada,Mar-07,600S,78.0
Canada,Jan-07,626S,52.0
Canada,Feb-07,626S,52.0
Canada,Mar-07,626S,55.0
Canada,Jan-07,676S,20.0
Canada,Feb-07,676S,20.0
Canada,Mar-07,676S,25.0
Canada,Jan-07,676RS,16.0
Canada,Feb-07,676RS,16.0
Canada,Mar-07,676RS,16.0
Canada,Jan-07,900S,105.0
Canada,Feb-07,900S,97.0
Canada,Mar-07,900S,102.0
Canada,Jan-07,929S,42.0
Canada,Feb-07,929S,40.0
Canada,Mar-07,929S,45.0
Canada,Jan-07,996S,87.0
Canada,Feb-07,996S,91.0
Canada,Mar-07,996S,90.0
Canada,Jan-07,996RS,73.0
Canada,Feb-07,996RS,72.0
Canada,Mar-07,996RS,70.0
Canada,Jan-07,RoadStar,101.0
Canada,Feb-07,RoadStar,87.0
Canada,Mar-07,RoadStar,102.0
Canada,Jan-07,RoadLiner,83.0
Canada,Feb-07,RoadLiner,86.0
Canada,Mar-07,RoadLiner,79.0
Canada,Jan-07,Victory,75.0
Canada,Feb-07,Victory,87.0
Canada,Mar-07,Victory,55.0
Canada,Jan-07,Boulevard,50.0
Canada,Feb-07,Boulevard,54.0
Canada,Mar-07,Boulevard,53.0
Canada,Jan-07,KingTwin,52.0
Canada,Feb-07,KingTwin,48.0
Canada,Mar-07,KingTwin,31.0
Canada,Jan-07,MegaTwin,28.0
Canada,Feb-07,MegaTwin,35.0
Canada,Mar-07,MegaTwin,34.0
Canada,Jan-07,ST900,4.0
Canada,Feb-07,ST900,1.0
Canada,Mar-07,ST900,0.0
Canada,Jan-07,ST1200,13.0
Canada,Feb-07,ST1200,16.0
Canada,Mar-07,ST1200,10.0
Canada,Jan-07,ST1200R,67.0
Canada,Feb-07,ST1200R,75.0
Canada,Mar-07,ST1200R,77.0
Canada,Jan-07,Bandit 900,24.0
Canada,Feb-07,Bandit 900,6.0
Canada,Mar-07,Bandit 900,37.0
Canada,Jan-07,Bandit 1200,62.0
Canada,Feb-07,Bandit 1200,64.0
Canada,Mar-07,Bandit 1200,39.0
Canada,Jan-07,Bandit 1200S,64.0
Canada,Feb-07,Bandit 1200S,66.0
Canada,Mar-07,Bandit 1200S,64.0
Canada,Jan-07,Enduro 350,1.0
Canada,Feb-07,Enduro 350,0.0
Canada,Mar-07,Enduro 350,0.0
Canada,Jan-07,Enduro 450,11.0
Canada,Feb-07,Enduro 450,3.0
Canada,Mar-07,Enduro 450,1.0
Canada,Jan-07,Enduro 550,63.0
Canada,Feb-07,Enduro 550,68.0
Canada,Mar-07,Enduro 550,66.0
Canada,Jan-07,CRX500,10.0
Canada,Feb-07,CRX500,3.0
Canada,Mar-07,CRX500,0.0
Canada,Jan-07,CRS550,77.0
Canada,Feb-07,CRS550,70.0
Canada,Mar-07,CRS550,78.0
Canada,Jan-07,CRX600,10.0
Canada,Feb-07,CRX600,0.0
Canada,Mar-07,CRX600,0.0
Canada,Jan-07,CRX650,63.0
Canada,Feb-07,CRX650,65.0
Canada,Mar-07,CRX650,70.0
Brazil,Jan-07,200S,36.0
Brazil,Feb-07,200S,69.0
Brazil,Mar-07,200S,90.0
Brazil,Jan-07,300S,62.0
Brazil,Feb-07,300S,58.0
Brazil,Mar-07,300S,55.0
Brazil,Jan-07,600S,72.0
Brazil,Feb-07,600S,70.0
Brazil,Mar-07,600S,72.0
Brazil,Jan-07,626S,26.0
Brazil,Feb-07,626S,29.0
Brazil,Mar-07,626S,22.0
Brazil,Jan-07,676S,9.0
Brazil,Feb-07,676S,6.0
Brazil,Mar-07,676S,11.0
Brazil,Jan-07,676RS,58.0
Brazil,Feb-07,676RS,58.0
Brazil,Mar-07,676RS,59.0
Brazil,Jan-07,900S,37.0
Brazil,Feb-07,900S,40.0
Brazil,Mar-07,900S,43.0
Brazil,Jan-07,929S,15.0
Brazil,Feb-07,929S,10.0
Brazil,Mar-07,929S,8.0
Brazil,Jan-07,996S,10.0
Brazil,Feb-07,996S,8.0
Brazil,Mar-07,996S,12.0
Brazil,Jan-07,996RS,97.0
Brazil,Feb-07,996RS,98.0
Brazil,Mar-07,996RS,99.0
Brazil,Jan-07,RoadStar,80.0
Brazil,Feb-07,RoadStar,75.0
Brazil,Mar-07,RoadStar,55.0
Brazil,Jan-07,RoadLiner,105.0
Brazil,Feb-07,RoadLiner,104.0
Brazil,Mar-07,RoadLiner,103.0
Brazil,Jan-07,Victory,73.0
Brazil,Feb-07,Victory,7.0
Brazil,Mar-07,Victory,58.0
Brazil,Jan-07,Boulevard,10.0
Brazil,Feb-07,Boulevard,5.0
Brazil,Mar-07,Boulevard,9.0
Brazil,Jan-07,KingTwin,9.0
Brazil,Feb-07,KingTwin,3.0
Brazil,Mar-07,KingTwin,29.0
Brazil,Jan-07,MegaTwin,80.0
Brazil,Feb-07,MegaTwin,78.0
Brazil,Mar-07,MegaTwin,77.0
Brazil,Jan-07,ST900,8.0
Brazil,Feb-07,ST900,2.0
Brazil,Mar-07,ST900,0.0
Brazil,Jan-07,ST1200,58.0
Brazil,Feb-07,ST1200,60.0
Brazil,Mar-07,ST1200,53.0
Brazil,Jan-07,ST1200R,15.0
Brazil,Feb-07,ST1200R,14.0
Brazil,Mar-07,ST1200R,18.0
Brazil,Jan-07,Bandit 900,103.0
Brazil,Feb-07,Bandit 900,12.0
Brazil,Mar-07,Bandit 900,107.0
Brazil,Jan-07,Bandit 1200,46.0
Brazil,Feb-07,Bandit 1200,72.0
Brazil,Mar-07,Bandit 1200,45.0
Brazil,Jan-07,Bandit 1200S,31.0
Brazil,Feb-07,Bandit 1200S,36.0
Brazil,Mar-07,Bandit 1200S,34.0
Brazil,Jan-07,Enduro 350,24.0
Brazil,Feb-07,Enduro 350,3.0
Brazil,Mar-07,Enduro 350,21.0
Brazil,Jan-07,Enduro 450,64.0
Brazil,Feb-07,Enduro 450,7.0
Brazil,Mar-07,Enduro 450,70.0
Brazil,Jan-07,Enduro 550,25.0
Brazil,Feb-07,Enduro 550,18.0
Brazil,Mar-07,Enduro 550,18.0
Brazil,Jan-07,CRX500,29.0
Brazil,Feb-07,CRX500,7.0
Brazil,Mar-07,CRX500,1.0
Brazil,Jan-07,CRS550,109.0
Brazil,Feb-07,CRS550,112.0
Brazil,Mar-07,CRS550,110.0
Brazil,Jan-07,CRX600,104.0
Brazil,Feb-07,CRX600,110.0
Brazil,Mar-07,CRX600,105.0
Brazil,Jan-07,CRX650,100.0
Brazil,Feb-07,CRX650,107.0
Brazil,Mar-07,CRX650,105.0
Argentina,Jan-07,200S,26.0
Argentina,Feb-07,200S,50.0
Argentina,Mar-07,200S,61.0
Argentina,Jan-07,300S,46.0
Argentina,Feb-07,300S,41.0
Argentina,Mar-07,300S,44.0
Argentina,Jan-07,600S,76.0
Argentina,Feb-07,600S,79.0
Argentina,Mar-07,600S,77.0
Argentina,Jan-07,626S,110.0
Argentina,Feb-07,626S,102.0
Argentina,Mar-07,626S,106.0
Argentina,Jan-07,676S,91.0
Argentina,Feb-07,676S,94.0
Argentina,Mar-07,676S,97.0
Argentina,Jan-07,676RS,85.0
Argentina,Feb-07,676RS,92.0
Argentina,Mar-07,676RS,90.0
Argentina,Jan-07,900S,35.0
Argentina,Feb-07,900S,34.0
Argentina,Mar-07,900S,35.0
Argentina,Jan-07,929S,11.0
Argentina,Feb-07,929S,6.0
Argentina,Mar-07,929S,7.0
Argentina,Jan-07,996S,96.0
Argentina,Feb-07,996S,95.0
Argentina,Mar-07,996S,105.0
Argentina,Jan-07,996RS,48.0
Argentina,Feb-07,996RS,54.0
Argentina,Mar-07,996RS,55.0
Argentina,Jan-07,RoadStar,74.0
Argentina,Feb-07,RoadStar,102.0
Argentina,Mar-07,RoadStar,105.0
Argentina,Jan-07,RoadLiner,62.0
Argentina,Feb-07,RoadLiner,61.0
Argentina,Mar-07,RoadLiner,63.0
Argentina,Jan-07,Victory,12.0
Argentina,Feb-07,Victory,2.0
Argentina,Mar-07,Victory,10.0
Argentina,Jan-07,Boulevard,37.0
Argentina,Feb-07,Boulevard,37.0
Argentina,Mar-07,Boulevard,39.0
Argentina,Jan-07,KingTwin,77.0
Argentina,Feb-07,KingTwin,92.0
Argentina,Mar-07,KingTwin,92.0
Argentina,Jan-07,MegaTwin,88.0
Argentina,Feb-07,MegaTwin,89.0
Argentina,Mar-07,MegaTwin,97.0
Argentina,Jan-07,ST900,76.0
Argentina,Feb-07,ST900,39.0
Argentina,Mar-07,ST900,72.0
Argentina,Jan-07,ST1200,86.0
Argentina,Feb-07,ST1200,91.0
Argentina,Mar-07,ST1200,91.0
Argentina,Jan-07,ST1200R,47.0
Argentina,Feb-07,ST1200R,47.0
Argentina,Mar-07,ST1200R,54.0
Argentina,Jan-07,Bandit 900,26.0
Argentina,Feb-07,Bandit 900,62.0
Argentina,Mar-07,Bandit 900,32.0
Argentina,Jan-07,Bandit 1200,35.0
Argentina,Feb-07,Bandit 1200,90.0
Argentina,Mar-07,Bandit 1200,93.0
Argentina,Jan-07,Bandit 1200S,90.0
Argentina,Feb-07,Bandit 1200S,96.0
Argentina,Mar-07,Bandit 1200S,99.0
Argentina,Jan-07,Enduro 350,77.0
Argentina,Feb-07,Enduro 350,33.0
Argentina,Mar-07,Enduro 350,73.0
Argentina,Jan-07,Enduro 450,7.0
Argentina,Feb-07,Enduro 450,2.0
Argentina,Mar-07,Enduro 450,0.0
Argentina,Jan-07,Enduro 550,56.0
Argentina,Feb-07,Enduro 550,58.0
Argentina,Mar-07,Enduro 550,56.0
Argentina,Jan-07,CRX500,35.0
Argentina,Feb-07,CRX500,8.0
Argentina,Mar-07,CRX500,2.0
Argentina,Jan-07,CRS550,110.0
Argentina,Feb-07,CRS550,112.0
Argentina,Mar-07,CRS550,105.0
Argentina,Jan-07,CRX600,48.0
Argentina,Feb-07,CRX600,12.0
Argentina,Mar-07,CRX600,42.0
Argentina,Jan-07,CRX650,62.0
Argentina,Feb-07,CRX650,58.0
Argentina,Mar-07,CRX650,63.0
UK,Jan-07,200S,29.0
UK,Feb-07,200S,73.0
UK,Mar-07,200S,69.0
UK,Jan-07,300S,27.0
UK,Feb-07,300S,30.0
UK,Mar-07,300S,30.0
UK,Jan-07,600S,26.0
UK,Feb-07,600S,30.0
UK,Mar-07,600S,30.0
UK,Jan-07,626S,31.0
UK,Feb-07,626S,29.0
UK,Mar-07,626S,28.0
UK,Jan-07,676S,28.0
UK,Feb-07,676S,27.0
UK,Mar-07,676S,31.0
UK,Jan-07,676RS,24.0
UK,Feb-07,676RS,32.0
UK,Mar-07,676RS,33.0
UK,Jan-07,900S,115.0
UK,Feb-07,900S,107.0
UK,Mar-07,900S,111.0
UK,Jan-07,929S,53.0
UK,Feb-07,929S,52.0
UK,Mar-07,929S,54.0
UK,Jan-07,996S,47.0
UK,Feb-07,996S,46.0
UK,Mar-07,996S,55.0
UK,Jan-07,996RS,53.0
UK,Feb-07,996RS,63.0
UK,Mar-07,996RS,63.0
UK,Jan-07,RoadStar,36.0
UK,Feb-07,RoadStar,4.0
UK,Mar-07,RoadStar,42.0
UK,Jan-07,RoadLiner,38.0
UK,Feb-07,RoadLiner,44.0
UK,Mar-07,RoadLiner,37.0
UK,Jan-07,Victory,30.0
UK,Feb-07,Victory,14.0
UK,Mar-07,Victory,2.0
UK,Jan-07,Boulevard,38.0
UK,Feb-07,Boulevard,38.0
UK,Mar-07,Boulevard,40.0
UK,Jan-07,KingTwin,81.0
UK,Feb-07,KingTwin,87.0
UK,Mar-07,KingTwin,74.0
UK,Jan-07,MegaTwin,34.0
UK,Feb-07,MegaTwin,38.0
UK,Mar-07,MegaTwin,35.0
UK,Jan-07,ST900,16.0
UK,Feb-07,ST900,5.0
UK,Mar-07,ST900,39.0
UK,Jan-07,ST1200,93.0
UK,Feb-07,ST1200,101.0
UK,Mar-07,ST1200,95.0
UK,Jan-07,ST1200R,108.0
UK,Feb-07,ST1200R,110.0
UK,Mar-07,ST1200R,113.0
UK,Jan-07,Bandit 900,90.0
UK,Feb-07,Bandit 900,11.0
UK,Mar-07,Bandit 900,107.0
UK,Jan-07,Bandit 1200,115.0
UK,Feb-07,Bandit 1200,109.0
UK,Mar-07,Bandit 1200,98.0
UK,Jan-07,Bandit 1200S,69.0
UK,Feb-07,Bandit 1200S,63.0
UK,Mar-07,Bandit 1200S,68.0
UK,Jan-07,Enduro 350,4.0
UK,Feb-07,Enduro 350,7.0
UK,Mar-07,Enduro 350,0.0
UK,Jan-07,Enduro 450,24.0
UK,Feb-07,Enduro 450,61.0
UK,Mar-07,Enduro 450,22.0
UK,Jan-07,Enduro 550,50.0
UK,Feb-07,Enduro 550,52.0
UK,Mar-07,Enduro 550,53.0
UK,Jan-07,CRX500,33.0
UK,Feb-07,CRX500,8.0
UK,Mar-07,CRX500,2.0
UK,Jan-07,CRS550,110.0
UK,Feb-07,CRS550,106.0
UK,Mar-07,CRS550,112.0
UK,Jan-07,CRX600,40.0
UK,Feb-07,CRX600,24.0
UK,Mar-07,CRX600,37.0
UK,Jan-07,CRX650,101.0
UK,Feb-07,CRX650,97.0
UK,Mar-07,CRX650,102.0
France,Jan-07,200S,33.0
France,Feb-07,200S,79.0
France,Mar-07,200S,70.0
France,Jan-07,300S,108.0
France,Feb-07,300S,108.0
France,Mar-07,300S,105.0
France,Jan-07,600S,118.0
France,Feb-07,600S,119.0
France,Mar-07,600S,115.0
France,Jan-07,626S,22.0
France,Feb-07,626S,22.0
France,Mar-07,626S,25.0
France,Jan-07,676S,83.0
France,Feb-07,676S,88.0
France,Mar-07,676S,85.0
France,Jan-07,676RS,35.0
France,Feb-07,676RS,39.0
France,Mar-07,676RS,36.0
France,Jan-07,900S,41.0
France,Feb-07,900S,37.0
France,Mar-07,900S,44.0
France,Jan-07,929S,116.0
France,Feb-07,929S,113.0
France,Mar-07,929S,110.0
France,Jan-07,996S,52.0
France,Feb-07,996S,54.0
France,Mar-07,996S,60.0
France,Jan-07,996RS,25.0
France,Feb-07,996RS,28.0
France,Mar-07,996RS,34.0
France,Jan-07,RoadStar,56.0
France,Feb-07,RoadStar,89.0
France,Mar-07,RoadStar,90.0
France,Jan-07,RoadLiner,53.0
France,Feb-07,RoadLiner,55.0
France,Mar-07,RoadLiner,58.0
France,Jan-07,Victory,47.0
France,Feb-07,Victory,5.0
France,Mar-07,Victory,48.0
France,Jan-07,Boulevard,26.0
France,Feb-07,Boulevard,28.0
France,Mar-07,Boulevard,33.0
France,Jan-07,KingTwin,95.0
France,Feb-07,KingTwin,78.0
France,Mar-07,KingTwin,102.0
France,Jan-07,MegaTwin,89.0
France,Feb-07,MegaTwin,94.0
France,Mar-07,MegaTwin,104.0
France,Jan-07,ST900,26.0
France,Feb-07,ST900,59.0
France,Mar-07,ST900,43.0
France,Jan-07,ST1200,81.0
France,Feb-07,ST1200,81.0
France,Mar-07,ST1200,82.0
France,Jan-07,ST1200R,69.0
France,Feb-07,ST1200R,68.0
France,Mar-07,ST1200R,69.0
France,Jan-07,Bandit 900,40.0
France,Feb-07,Bandit 900,103.0
France,Mar-07,Bandit 900,51.0
France,Jan-07,Bandit 1200,14.0
France,Feb-07,Bandit 1200,2.0
France,Mar-07,Bandit 1200,1.0
France,Jan-07,Bandit 1200S,99.0
France,Feb-07,Bandit 1200S,100.0
France,Mar-07,Bandit 1200S,104.0
France,Jan-07,Enduro 350,108.0
France,Feb-07,Enduro 350,51.0
France,Mar-07,Enduro 350,102.0
France,Jan-07,Enduro 450,28.0
France,Feb-07,Enduro 450,66.0
France,Mar-07,Enduro 450,32.0
France,Jan-07,Enduro 550,40.0
France,Feb-07,Enduro 550,40.0
France,Mar-07,Enduro 550,39.0
France,Jan-07,CRX500,26.0
France,Feb-07,CRX500,6.0
France,Mar-07,CRX500,1.0
France,Jan-07,CRS550,67.0
France,Feb-07,CRS550,68.0
France,Mar-07,CRS550,67.0
France,Jan-07,CRX600,54.0
France,Feb-07,CRX600,52.0
France,Mar-07,CRX600,56.0
France,Jan-07,CRX650,52.0
France,Feb-07,CRX650,55.0
France,Mar-07,CRX650,61.0
Germany,Jan-07,200S,9.0
Germany,Feb-07,200S,30.0
Germany,Mar-07,200S,22.0
Germany,Jan-07,300S,36.0
Germany,Feb-07,300S,45.0
Germany,Mar-07,300S,44.0
Germany,Jan-07,600S,107.0
Germany,Feb-07,600S,113.0
Germany,Mar-07,600S,115.0
Germany,Jan-07,626S,22.0
Germany,Feb-07,626S,27.0
Germany,Mar-07,626S,24.0
Germany,Jan-07,676S,110.0
Germany,Feb-07,676S,122.0
Germany,Mar-07,676S,126.0
Germany,Jan-07,676RS,58.0
Germany,Feb-07,676RS,54.0
Germany,Mar-07,676RS,59.0
Germany,Jan-07,900S,43.0
Germany,Feb-07,900S,35.0
Germany,Mar-07,900S,39.0
Germany,Jan-07,929S,15.0
Germany,Feb-07,929S,21.0
Germany,Mar-07,929S,20.0
Germany,Jan-07,996S,47.0
Germany,Feb-07,996S,44.0
Germany,Mar-07,996S,49.0
Germany,Jan-07,996RS,34.0
Germany,Feb-07,996RS,29.0
Germany,Mar-07,996RS,28.0
Germany,Jan-07,RoadStar,68.0
Germany,Feb-07,RoadStar,81.0
Germany,Mar-07,RoadStar,87.0
Germany,Jan-07,RoadLiner,64.0
Germany,Feb-07,RoadLiner,67.0
Germany,Mar-07,RoadLiner,69.0
Germany,Jan-07,Victory,75.0
Germany,Feb-07,Victory,28.0
Germany,Mar-07,Victory,77.0
Germany,Jan-07,Boulevard,4.0
Germany,Feb-07,Boulevard,12.0
Germany,Mar-07,Boulevard,12.0
Germany,Jan-07,KingTwin,118.0
Germany,Feb-07,KingTwin,81.0
Germany,Mar-07,KingTwin,118.0
Germany,Jan-07,MegaTwin,35.0
Germany,Feb-07,MegaTwin,33.0
Germany,Mar-07,MegaTwin,30.0
Germany,Jan-07,ST900,32.0
Germany,Feb-07,ST900,19.0
Germany,Mar-07,ST900,8.0
Germany,Jan-07,ST1200,27.0
Germany,Feb-07,ST1200,23.0
Germany,Mar-07,ST1200,22.0
Germany,Jan-07,ST1200R,32.0
Germany,Feb-07,ST1200R,27.0
Germany,Mar-07,ST1200R,27.0
Germany,Jan-07,Bandit 900,11.0
Germany,Feb-07,Bandit 900,3.0
Germany,Mar-07,Bandit 900,1.0
Germany,Jan-07,Bandit 1200,56.0
Germany,Feb-07,Bandit 1200,49.0
Germany,Mar-07,Bandit 1200,37.0
Germany,Jan-07,Bandit 1200S,58.0
Germany,Feb-07,Bandit 1200S,59.0
Germany,Mar-07,Bandit 1200S,53.0
Germany,Jan-07,Enduro 350,4.0
Germany,Feb-07,Enduro 350,1.0
Germany,Mar-07,Enduro 350,5.0
Germany,Jan-07,Enduro 450,41.0
Germany,Feb-07,Enduro 450,89.0
Germany,Mar-07,Enduro 450,108.0
Germany,Jan-07,Enduro 550,89.0
Germany,Feb-07,Enduro 550,91.0
Germany,Mar-07,Enduro 550,97.0
Germany,Jan-07,CRX500,24.0
Germany,Feb-07,CRX500,6.0
Germany,Mar-07,CRX500,1.0
Germany,Jan-07,CRS550,61.0
Germany,Feb-07,CRS550,66.0
Germany,Mar-07,CRS550,62.0
Germany,Jan-07,CRX600,17.0
Germany,Feb-07,CRX600,22.0
Germany,Mar-07,CRX600,11.0
Germany,Jan-07,CRX650,37.0
Germany,Feb-07,CRX650,42.0
Germany,Mar-07,CRX650,37.0
Spain,Jan-07,200S,27.0
Spain,Feb-07,200S,65.0
Spain,Mar-07,200S,59.0
Spain,Jan-07,300S,20.0
Spain,Feb-07,300S,18.0
Spain,Mar-07,300S,23.0
Spain,Jan-07,600S,69.0
Spain,Feb-07,600S,73.0
Spain,Mar-07,600S,78.0
Spain,Jan-07,626S,19.0
Spain,Feb-07,626S,21.0
Spain,Mar-07,626S,12.0
Spain,Jan-07,676S,46.0
Spain,Feb-07,676S,45.0
Spain,Mar-07,676S,47.0
Spain,Jan-07,676RS,64.0
Spain,Feb-07,676RS,63.0
Spain,Mar-07,676RS,59.0
Spain,Jan-07,900S,59.0
Spain,Feb-07,900S,61.0
Spain,Mar-07,900S,60.0
Spain,Jan-07,929S,94.0
Spain,Feb-07,929S,99.0
Spain,Mar-07,929S,92.0
Spain,Jan-07,996S,85.0
Spain,Feb-07,996S,87.0
Spain,Mar-07,996S,98.0
Spain,Jan-07,996RS,71.0
Spain,Feb-07,996RS,75.0
Spain,Mar-07,996RS,73.0
Spain,Jan-07,RoadStar,49.0
Spain,Feb-07,RoadStar,79.0
Spain,Mar-07,RoadStar,85.0
Spain,Jan-07,RoadLiner,81.0
Spain,Feb-07,RoadLiner,72.0
Spain,Mar-07,RoadLiner,76.0
Spain,Jan-07,Victory,17.0
Spain,Feb-07,Victory,4.0
Spain,Mar-07,Victory,43.0
Spain,Jan-07,Boulevard,101.0
Spain,Feb-07,Boulevard,95.0
Spain,Mar-07,Boulevard,102.0
Spain,Jan-07,KingTwin,86.0
Spain,Feb-07,KingTwin,95.0
Spain,Mar-07,KingTwin,84.0
Spain,Jan-07,MegaTwin,27.0
Spain,Feb-07,MegaTwin,31.0
Spain,Mar-07,MegaTwin,32.0
Spain,Jan-07,ST900,20.0
Spain,Feb-07,ST900,4.0
Spain,Mar-07,ST900,44.0
Spain,Jan-07,ST1200,95.0
Spain,Feb-07,ST1200,89.0
Spain,Mar-07,ST1200,95.0
Spain,Jan-07,ST1200R,47.0
Spain,Feb-07,ST1200R,54.0
Spain,Mar-07,ST1200R,58.0
Spain,Jan-07,Bandit 900,29.0
Spain,Feb-07,Bandit 900,5.0
Spain,Mar-07,Bandit 900,1.0
Spain,Jan-07,Bandit 1200,62.0
Spain,Feb-07,Bandit 1200,115.0
Spain,Mar-07,Bandit 1200,111.0
Spain,Jan-07,Bandit 1200S,11.0
Spain,Feb-07,Bandit 1200S,11.0
Spain,Mar-07,Bandit 1200S,9.0
Spain,Jan-07,Enduro 350,39.0
Spain,Feb-07,Enduro 350,95.0
Spain,Mar-07,Enduro 350,93.0
Spain,Jan-07,Enduro 450,15.0
Spain,Feb-07,Enduro 450,4.0
Spain,Mar-07,Enduro 450,41.0
Spain,Jan-07,Enduro 550,57.0
Spain,Feb-07,Enduro 550,63.0
Spain,Mar-07,Enduro 550,65.0
Spain,Jan-07,CRX500,22.0
Spain,Feb-07,CRX500,6.0
Spain,Mar-07,CRX500,1.0
Spain,Jan-07,CRS550,64.0
Spain,Feb-07,CRS550,66.0
Spain,Mar-07,CRS550,64.0
Spain,Jan-07,CRX600,49.0
Spain,Feb-07,CRX600,20.0
Spain,Mar-07,CRX600,48.0
Spain,Jan-07,CRX650,98.0
Spain,Feb-07,CRX650,95.0
Spain,Mar-07,CRX650,98.0
Italy,Jan-07,200S,13.0
Italy,Feb-07,200S,32.0
Italy,Mar-07,200S,36.0
Italy,Jan-07,300S,7.0
Italy,Feb-07,300S,9.0
Italy,Mar-07,300S,6.0
Italy,Jan-07,600S,81.0
Italy,Feb-07,600S,83.0
Italy,Mar-07,600S,82.0
Italy,Jan-07,626S,24.0
Italy,Feb-07,626S,25.0
Italy,Mar-07,626S,24.0
Italy,Jan-07,676S,104.0
Italy,Feb-07,676S,115.0
Italy,Mar-07,676S,120.0
Italy,Jan-07,676RS,35.0
Italy,Feb-07,676RS,39.0
Italy,Mar-07,676RS,34.0
Italy,Jan-07,900S,22.0
Italy,Feb-07,900S,24.0
Italy,Mar-07,900S,22.0
Italy,Jan-07,929S,39.0
Italy,Feb-07,929S,45.0
Italy,Mar-07,929S,46.0
Italy,Jan-07,996S,25.0
Italy,Feb-07,996S,28.0
Italy,Mar-07,996S,28.0
Italy,Jan-07,996RS,71.0
Italy,Feb-07,996RS,72.0
Italy,Mar-07,996RS,76.0
Italy,Jan-07,RoadStar,111.0
Italy,Feb-07,RoadStar,95.0
Italy,Mar-07,RoadStar,106.0
Italy,Jan-07,RoadLiner,43.0
Italy,Feb-07,RoadLiner,45.0
Italy,Mar-07,RoadLiner,45.0
Italy,Jan-07,Victory,35.0
Italy,Feb-07,Victory,81.0
Italy,Mar-07,Victory,88.0
Italy,Jan-07,Boulevard,77.0
Italy,Feb-07,Boulevard,83.0
Italy,Mar-07,Boulevard,84.0
Italy,Jan-07,KingTwin,26.0
Italy,Feb-07,KingTwin,65.0
Italy,Mar-07,KingTwin,67.0
Italy,Jan-07,MegaTwin,88.0
Italy,Feb-07,MegaTwin,92.0
Italy,Mar-07,MegaTwin,90.0
Italy,Jan-07,ST900,21.0
Italy,Feb-07,ST900,52.0
Italy,Mar-07,ST900,21.0
Italy,Jan-07,ST1200,67.0
Italy,Feb-07,ST1200,66.0
Italy,Mar-07,ST1200,68.0
Italy,Jan-07,ST1200R,9.0
Italy,Feb-07,ST1200R,7.0
Italy,Mar-07,ST1200R,6.0
Italy,Jan-07,Bandit 900,104.0
Italy,Feb-07,Bandit 900,10.0
Italy,Mar-07,Bandit 900,101.0
Italy,Jan-07,Bandit 1200,34.0
Italy,Feb-07,Bandit 1200,3.0
Italy,Mar-07,Bandit 1200,34.0
Italy,Jan-07,Bandit 1200S,26.0
Italy,Feb-07,Bandit 1200S,24.0
Italy,Mar-07,Bandit 1200S,23.0
Italy,Jan-07,Enduro 350,2.0
Italy,Feb-07,Enduro 350,1.0
Italy,Mar-07,Enduro 350,4.0
Italy,Jan-07,Enduro 450,23.0
Italy,Feb-07,Enduro 450,4.0
Italy,Mar-07,Enduro 450,1.0
Italy,Jan-07,Enduro 550,95.0
Italy,Feb-07,Enduro 550,99.0
Italy,Mar-07,Enduro 550,106.0
Italy,Jan-07,CRX500,42.0
Italy,Feb-07,CRX500,11.0
Italy,Mar-07,CRX500,46.0
Italy,Jan-07,CRS550,70.0
Italy,Feb-07,CRS550,54.0
Italy,Mar-07,CRS550,66.0
Italy,Jan-07,CRX600,44.0
Italy,Feb-07,CRX600,73.0
Italy,Mar-07,CRX600,73.0
Italy,Jan-07,CRX650,69.0
Italy,Feb-07,CRX650,71.0
Italy,Mar-07,CRX650,69.0
China,Jan-07,200S,35.0
China,Feb-07,200S,64.0
China,Mar-07,200S,87.0
China,Jan-07,300S,33.0
China,Feb-07,300S,37.0
China,Mar-07,300S,29.0
China,Jan-07,600S,99.0
China,Feb-07,600S,102.0
China,Mar-07,600S,104.0
China,Jan-07,626S,79.0
China,Feb-07,626S,71.0
China,Mar-07,626S,78.0
China,Jan-07,676S,58.0
China,Feb-07,676S,59.0
China,Mar-07,676S,68.0
China,Jan-07,676RS,36.0
China,Feb-07,676RS,37.0
China,Mar-07,676RS,39.0
China,Jan-07,900S,13.0
China,Feb-07,900S,12.0
China,Mar-07,900S,16.0
China,Jan-07,929S,67.0
China,Feb-07,929S,67.0
China,Mar-07,929S,71.0
China,Jan-07,996S,98.0
China,Feb-07,996S,101.0
China,Mar-07,996S,98.0
China,Jan-07,996RS,5.0
China,Feb-07,996RS,11.0
China,Mar-07,996RS,3.0
China,Jan-07,RoadStar,34.0
China,Feb-07,RoadStar,23.0
China,Mar-07,RoadStar,16.0
China,Jan-07,RoadLiner,64.0
China,Feb-07,RoadLiner,60.0
China,Mar-07,RoadLiner,64.0
China,Jan-07,Victory,32.0
China,Feb-07,Victory,74.0
China,Mar-07,Victory,77.0
China,Jan-07,Boulevard,100.0
China,Feb-07,Boulevard,93.0
China,Mar-07,Boulevard,98.0
China,Jan-07,KingTwin,77.0
China,Feb-07,KingTwin,80.0
China,Mar-07,KingTwin,67.0
China,Jan-07,MegaTwin,0.0
China,Feb-07,MegaTwin,9.0
China,Mar-07,MegaTwin,7.0
China,Jan-07,ST900,51.0
China,Feb-07,ST900,16.0
China,Mar-07,ST900,14.0
China,Jan-07,ST1200,99.0
China,Feb-07,ST1200,100.0
China,Mar-07,ST1200,100.0
China,Jan-07,ST1200R,86.0
China,Feb-07,ST1200R,88.0
China,Mar-07,ST1200R,85.0
China,Jan-07,Bandit 900,35.0
China,Feb-07,Bandit 900,5.0
China,Mar-07,Bandit 900,8.0
China,Jan-07,Bandit 1200,101.0
China,Feb-07,Bandit 1200,87.0
China,Mar-07,Bandit 1200,76.0
China,Jan-07,Bandit 1200S,80.0
China,Feb-07,Bandit 1200S,89.0
China,Mar-07,Bandit 1200S,84.0
China,Jan-07,Enduro 350,38.0
China,Feb-07,Enduro 350,93.0
China,Mar-07,Enduro 350,88.0
China,Jan-07,Enduro 450,46.0
China,Feb-07,Enduro 450,26.0
China,Mar-07,Enduro 450,15.0
China,Jan-07,Enduro 550,103.0
China,Feb-07,Enduro 550,103.0
China,Mar-07,Enduro 550,109.0
China,Jan-07,CRX500,20.0
China,Feb-07,CRX500,4.0
China,Mar-07,CRX500,1.0
China,Jan-07,CRS550,23.0
China,Feb-07,CRS550,2.0
China,Mar-07,CRS550,26.0
China,Jan-07,CRX600,72.0
China,Feb-07,CRX600,76.0
China,Mar-07,CRX600,78.0
China,Jan-07,CRX650,41.0
China,Feb-07,CRX650,41.0
China,Mar-07,CRX650,50.0
Japan,Jan-07,200S,26.0
Japan,Feb-07,200S,48.0
Japan,Mar-07,200S,58.0
Japan,Jan-07,300S,11.0
Japan,Feb-07,300S,7.0
Japan,Mar-07,300S,12.0
Japan,Jan-07,600S,22.0
Japan,Feb-07,600S,20.0
Japan,Mar-07,600S,16.0
Japan,Jan-07,626S,83.0
Japan,Feb-07,626S,85.0
Japan,Mar-07,626S,86.0
Japan,Jan-07,676S,47.0
Japan,Feb-07,676S,56.0
Japan,Mar-07,676S,59.0
Japan,Jan-07,676RS,72.0
Japan,Feb-07,676RS,68.0
Japan,Mar-07,676RS,70.0
Japan,Jan-07,900S,39.0
Japan,Feb-07,900S,38.0
Japan,Mar-07,900S,37.0
Japan,Jan-07,929S,22.0
Japan,Feb-07,929S,23.0
Japan,Mar-07,929S,23.0
Japan,Jan-07,996S,50.0
Japan,Feb-07,996S,51.0
Japan,Mar-07,996S,55.0
Japan,Jan-07,996RS,24.0
Japan,Feb-07,996RS,23.0
Japan,Mar-07,996RS,23.0
Japan,Jan-07,RoadStar,75.0
Japan,Feb-07,RoadStar,74.0
Japan,Mar-07,RoadStar,59.0
Japan,Jan-07,RoadLiner,28.0
Japan,Feb-07,RoadLiner,24.0
Japan,Mar-07,RoadLiner,22.0
Japan,Jan-07,Victory,5.0
Japan,Feb-07,Victory,1.0
Japan,Mar-07,Victory,0.0
Japan,Jan-07,Boulevard,82.0
Japan,Feb-07,Boulevard,81.0
Japan,Mar-07,Boulevard,74.0
Japan,Jan-07,KingTwin,36.0
Japan,Feb-07,KingTwin,49.0
Japan,Mar-07,KingTwin,33.0
Japan,Jan-07,MegaTwin,57.0
Japan,Feb-07,MegaTwin,61.0
Japan,Mar-07,MegaTwin,56.0
Japan,Jan-07,ST900,41.0
Japan,Feb-07,ST900,8.0
Japan,Mar-07,ST900,41.0
Japan,Jan-07,ST1200,98.0
Japan,Feb-07,ST1200,99.0
Japan,Mar-07,ST1200,107.0
Japan,Jan-07,ST1200R,53.0
Japan,Feb-07,ST1200R,47.0
Japan,Mar-07,ST1200R,52.0
Japan,Jan-07,Bandit 900,21.0
Japan,Feb-07,Bandit 900,6.0
Japan,Mar-07,Bandit 900,35.0
Japan,Jan-07,Bandit 1200,13.0
Japan,Feb-07,Bandit 1200,28.0
Japan,Mar-07,Bandit 1200,16.0
Japan,Jan-07,Bandit 1200S,89.0
Japan,Feb-07,Bandit 1200S,90.0
Japan,Mar-07,Bandit 1200S,94.0
Japan,Jan-07,Enduro 350,32.0
Japan,Feb-07,Enduro 350,74.0
Japan,Mar-07,Enduro 350,78.0
Japan,Jan-07,Enduro 450,71.0
Japan,Feb-07,Enduro 450,40.0
Japan,Mar-07,Enduro 450,31.0
Japan,Jan-07,Enduro 550,84.0
Japan,Feb-07,Enduro 550,86.0
Japan,Mar-07,Enduro 550,85.0
Japan,Jan-07,CRX500,35.0
Japan,Feb-07,CRX500,9.0
Japan,Mar-07,CRX500,2.0
Japan,Jan-07,CRS550,11.0
Japan,Feb-07,CRS550,16.0
Japan,Mar-07,CRS550,4.0
Japan,Jan-07,CRX600,76.0
Japan,Feb-07,CRX600,57.0
Japan,Mar-07,CRX600,74.0
Japan,Jan-07,CRX650,85.0
Japan,Feb-07,CRX650,92.0
Japan,Mar-07,CRX650,93.0
