value,Units,Periods
500.0,COAL_1,Mon-00
233.333333333,COAL_2,Mon-00
66.6666666667,DIESEL_1,Mon-00
31.0,DIESEL_2,Mon-00
0.0,DIESEL_3,Mon-00
0.0,DIESEL_4,Mon-00
110.0,GAS_1,Mon-00
0.0,GAS_2,Mon-00
165.0,GAS_3,Mon-00
90.0,GAS_4,Mon-00
500.0,COAL_1,Mon-01
233.333333333,COAL_2,Mon-01
90.0,DIESEL_1,Mon-01
87.0,DIESEL_2,Mon-01
0.0,DIESEL_3,Mon-01
0.0,DIESEL_4,Mon-01
78.0,GAS_1,Mon-01
0.0,GAS_2,Mon-01
165.0,GAS_3,Mon-01
39.6666666667,GAS_4,Mon-01
500.0,COAL_1,Mon-02
259.333333333,COAL_2,Mon-02
90.0,DIESEL_1,Mon-02
87.0,DIESEL_2,Mon-02
0.0,DIESEL_3,Mon-02
0.0,DIESEL_4,Mon-02
0.0,GAS_1,Mon-02
0.0,GAS_2,Mon-02
165.0,GAS_3,Mon-02
89.6666666667,GAS_4,Mon-02
500.0,COAL_1,Mon-03
233.333333333,COAL_2,Mon-03
90.0,DIESEL_1,Mon-03
87.0,DIESEL_2,Mon-03
0.0,DIESEL_3,Mon-03
0.0,DIESEL_4,Mon-03
0.0,GAS_1,Mon-03
0.0,GAS_2,Mon-03
165.0,GAS_3,Mon-03
117.666666667,GAS_4,Mon-03
500.0,COAL_1,Mon-04
233.333333333,COAL_2,Mon-04
90.0,DIESEL_1,Mon-04
87.0,DIESEL_2,Mon-04
0.0,DIESEL_3,Mon-04
0.0,DIESEL_4,Mon-04
0.0,GAS_1,Mon-04
0.0,GAS_2,Mon-04
165.0,GAS_3,Mon-04
131.666666667,GAS_4,Mon-04
500.0,COAL_1,Mon-05
243.0,COAL_2,Mon-05
90.0,DIESEL_1,Mon-05
87.0,DIESEL_2,Mon-05
0.0,DIESEL_3,Mon-05
0.0,DIESEL_4,Mon-05
0.0,GAS_1,Mon-05
0.0,GAS_2,Mon-05
165.0,GAS_3,Mon-05
158.0,GAS_4,Mon-05
500.0,COAL_1,Mon-06
293.0,COAL_2,Mon-06
90.0,DIESEL_1,Mon-06
87.0,DIESEL_2,Mon-06
0.0,DIESEL_3,Mon-06
0.0,DIESEL_4,Mon-06
0.0,GAS_1,Mon-06
0.0,GAS_2,Mon-06
165.0,GAS_3,Mon-06
158.0,GAS_4,Mon-06
500.0,COAL_1,Mon-07
337.0,COAL_2,Mon-07
90.0,DIESEL_1,Mon-07
87.0,DIESEL_2,Mon-07
0.0,DIESEL_3,Mon-07
0.0,DIESEL_4,Mon-07
0.0,GAS_1,Mon-07
0.0,GAS_2,Mon-07
165.0,GAS_3,Mon-07
158.0,GAS_4,Mon-07
500.0,COAL_1,Mon-08
383.0,COAL_2,Mon-08
90.0,DIESEL_1,Mon-08
87.0,DIESEL_2,Mon-08
0.0,DIESEL_3,Mon-08
0.0,DIESEL_4,Mon-08
0.0,GAS_1,Mon-08
0.0,GAS_2,Mon-08
165.0,GAS_3,Mon-08
158.0,GAS_4,Mon-08
500.0,COAL_1,Mon-09
411.0,COAL_2,Mon-09
90.0,DIESEL_1,Mon-09
87.0,DIESEL_2,Mon-09
0.0,DIESEL_3,Mon-09
0.0,DIESEL_4,Mon-09
0.0,GAS_1,Mon-09
0.0,GAS_2,Mon-09
165.0,GAS_3,Mon-09
158.0,GAS_4,Mon-09
500.0,COAL_1,Mon-10
430.0,COAL_2,Mon-10
90.0,DIESEL_1,Mon-10
87.0,DIESEL_2,Mon-10
0.0,DIESEL_3,Mon-10
0.0,DIESEL_4,Mon-10
0.0,GAS_1,Mon-10
0.0,GAS_2,Mon-10
165.0,GAS_3,Mon-10
158.0,GAS_4,Mon-10
500.0,COAL_1,Mon-11
440.0,COAL_2,Mon-11
90.0,DIESEL_1,Mon-11
87.0,DIESEL_2,Mon-11
0.0,DIESEL_3,Mon-11
0.0,DIESEL_4,Mon-11
0.0,GAS_1,Mon-11
0.0,GAS_2,Mon-11
165.0,GAS_3,Mon-11
158.0,GAS_4,Mon-11
500.0,COAL_1,Mon-12
433.0,COAL_2,Mon-12
90.0,DIESEL_1,Mon-12
87.0,DIESEL_2,Mon-12
0.0,DIESEL_3,Mon-12
0.0,DIESEL_4,Mon-12
0.0,GAS_1,Mon-12
0.0,GAS_2,Mon-12
165.0,GAS_3,Mon-12
158.0,GAS_4,Mon-12
500.0,COAL_1,Mon-13
437.0,COAL_2,Mon-13
90.0,DIESEL_1,Mon-13
87.0,DIESEL_2,Mon-13
0.0,DIESEL_3,Mon-13
0.0,DIESEL_4,Mon-13
0.0,GAS_1,Mon-13
0.0,GAS_2,Mon-13
165.0,GAS_3,Mon-13
158.0,GAS_4,Mon-13
500.0,COAL_1,Mon-14
437.0,COAL_2,Mon-14
90.0,DIESEL_1,Mon-14
87.0,DIESEL_2,Mon-14
0.0,DIESEL_3,Mon-14
0.0,DIESEL_4,Mon-14
0.0,GAS_1,Mon-14
0.0,GAS_2,Mon-14
165.0,GAS_3,Mon-14
158.0,GAS_4,Mon-14
500.0,COAL_1,Mon-15
431.0,COAL_2,Mon-15
90.0,DIESEL_1,Mon-15
87.0,DIESEL_2,Mon-15
0.0,DIESEL_3,Mon-15
0.0,DIESEL_4,Mon-15
0.0,GAS_1,Mon-15
0.0,GAS_2,Mon-15
165.0,GAS_3,Mon-15
158.0,GAS_4,Mon-15
500.0,COAL_1,Mon-16
414.0,COAL_2,Mon-16
90.0,DIESEL_1,Mon-16
87.0,DIESEL_2,Mon-16
0.0,DIESEL_3,Mon-16
0.0,DIESEL_4,Mon-16
0.0,GAS_1,Mon-16
0.0,GAS_2,Mon-16
165.0,GAS_3,Mon-16
158.0,GAS_4,Mon-16
500.0,COAL_1,Mon-17
389.0,COAL_2,Mon-17
90.0,DIESEL_1,Mon-17
87.0,DIESEL_2,Mon-17
0.0,DIESEL_3,Mon-17
0.0,DIESEL_4,Mon-17
0.0,GAS_1,Mon-17
0.0,GAS_2,Mon-17
165.0,GAS_3,Mon-17
158.0,GAS_4,Mon-17
500.0,COAL_1,Mon-18
363.0,COAL_2,Mon-18
90.0,DIESEL_1,Mon-18
87.0,DIESEL_2,Mon-18
0.0,DIESEL_3,Mon-18
0.0,DIESEL_4,Mon-18
0.0,GAS_1,Mon-18
0.0,GAS_2,Mon-18
165.0,GAS_3,Mon-18
158.0,GAS_4,Mon-18
500.0,COAL_1,Mon-19
350.0,COAL_2,Mon-19
90.0,DIESEL_1,Mon-19
87.0,DIESEL_2,Mon-19
0.0,DIESEL_3,Mon-19
0.0,DIESEL_4,Mon-19
0.0,GAS_1,Mon-19
0.0,GAS_2,Mon-19
165.0,GAS_3,Mon-19
158.0,GAS_4,Mon-19
500.0,COAL_1,Mon-20
357.0,COAL_2,Mon-20
90.0,DIESEL_1,Mon-20
87.0,DIESEL_2,Mon-20
0.0,DIESEL_3,Mon-20
0.0,DIESEL_4,Mon-20
0.0,GAS_1,Mon-20
0.0,GAS_2,Mon-20
165.0,GAS_3,Mon-20
158.0,GAS_4,Mon-20
500.0,COAL_1,Mon-21
369.0,COAL_2,Mon-21
72.0,DIESEL_1,Mon-21
87.0,DIESEL_2,Mon-21
0.0,DIESEL_3,Mon-21
0.0,DIESEL_4,Mon-21
0.0,GAS_1,Mon-21
0.0,GAS_2,Mon-21
165.0,GAS_3,Mon-21
158.0,GAS_4,Mon-21
500.0,COAL_1,Mon-22
371.0,COAL_2,Mon-22
48.0,DIESEL_1,Mon-22
87.0,DIESEL_2,Mon-22
0.0,DIESEL_3,Mon-22
0.0,DIESEL_4,Mon-22
0.0,GAS_1,Mon-22
0.0,GAS_2,Mon-22
165.0,GAS_3,Mon-22
158.0,GAS_4,Mon-22
500.0,COAL_1,Mon-23
372.0,COAL_2,Mon-23
24.0,DIESEL_1,Mon-23
87.0,DIESEL_2,Mon-23
0.0,DIESEL_3,Mon-23
0.0,DIESEL_4,Mon-23
0.0,GAS_1,Mon-23
0.0,GAS_2,Mon-23
165.0,GAS_3,Mon-23
158.0,GAS_4,Mon-23
500.0,COAL_1,Tue-00
379.0,COAL_2,Tue-00
0.0,DIESEL_1,Tue-00
87.0,DIESEL_2,Tue-00
0.0,DIESEL_3,Tue-00
0.0,DIESEL_4,Tue-00
0.0,GAS_1,Tue-00
0.0,GAS_2,Tue-00
165.0,GAS_3,Tue-00
158.0,GAS_4,Tue-00
500.0,COAL_1,Tue-01
367.0,COAL_2,Tue-01
0.0,DIESEL_1,Tue-01
87.0,DIESEL_2,Tue-01
0.0,DIESEL_3,Tue-01
0.0,DIESEL_4,Tue-01
0.0,GAS_1,Tue-01
0.0,GAS_2,Tue-01
165.0,GAS_3,Tue-01
158.0,GAS_4,Tue-01
500.0,COAL_1,Tue-02
354.0,COAL_2,Tue-02
0.0,DIESEL_1,Tue-02
87.0,DIESEL_2,Tue-02
0.0,DIESEL_3,Tue-02
0.0,DIESEL_4,Tue-02
0.0,GAS_1,Tue-02
0.0,GAS_2,Tue-02
165.0,GAS_3,Tue-02
158.0,GAS_4,Tue-02
500.0,COAL_1,Tue-03
345.0,COAL_2,Tue-03
0.0,DIESEL_1,Tue-03
87.0,DIESEL_2,Tue-03
0.0,DIESEL_3,Tue-03
0.0,DIESEL_4,Tue-03
0.0,GAS_1,Tue-03
0.0,GAS_2,Tue-03
165.0,GAS_3,Tue-03
158.0,GAS_4,Tue-03
500.0,COAL_1,Tue-04
347.0,COAL_2,Tue-04
0.0,DIESEL_1,Tue-04
87.0,DIESEL_2,Tue-04
0.0,DIESEL_3,Tue-04
0.0,DIESEL_4,Tue-04
0.0,GAS_1,Tue-04
0.0,GAS_2,Tue-04
165.0,GAS_3,Tue-04
158.0,GAS_4,Tue-04
500.0,COAL_1,Tue-05
375.0,COAL_2,Tue-05
0.0,DIESEL_1,Tue-05
87.0,DIESEL_2,Tue-05
0.0,DIESEL_3,Tue-05
0.0,DIESEL_4,Tue-05
0.0,GAS_1,Tue-05
0.0,GAS_2,Tue-05
165.0,GAS_3,Tue-05
158.0,GAS_4,Tue-05
500.0,COAL_1,Tue-06
418.0,COAL_2,Tue-06
0.0,DIESEL_1,Tue-06
87.0,DIESEL_2,Tue-06
0.0,DIESEL_3,Tue-06
0.0,DIESEL_4,Tue-06
0.0,GAS_1,Tue-06
0.0,GAS_2,Tue-06
165.0,GAS_3,Tue-06
158.0,GAS_4,Tue-06
500.0,COAL_1,Tue-07
451.0,COAL_2,Tue-07
0.0,DIESEL_1,Tue-07
87.0,DIESEL_2,Tue-07
0.0,DIESEL_3,Tue-07
0.0,DIESEL_4,Tue-07
0.0,GAS_1,Tue-07
0.0,GAS_2,Tue-07
165.0,GAS_3,Tue-07
158.0,GAS_4,Tue-07
500.0,COAL_1,Tue-08
484.0,COAL_2,Tue-08
0.0,DIESEL_1,Tue-08
87.0,DIESEL_2,Tue-08
0.0,DIESEL_3,Tue-08
0.0,DIESEL_4,Tue-08
0.0,GAS_1,Tue-08
0.0,GAS_2,Tue-08
165.0,GAS_3,Tue-08
158.0,GAS_4,Tue-08
500.0,COAL_1,Tue-09
507.0,COAL_2,Tue-09
0.0,DIESEL_1,Tue-09
87.0,DIESEL_2,Tue-09
0.0,DIESEL_3,Tue-09
0.0,DIESEL_4,Tue-09
0.0,GAS_1,Tue-09
0.0,GAS_2,Tue-09
165.0,GAS_3,Tue-09
158.0,GAS_4,Tue-09
500.0,COAL_1,Tue-10
526.0,COAL_2,Tue-10
0.0,DIESEL_1,Tue-10
87.0,DIESEL_2,Tue-10
0.0,DIESEL_3,Tue-10
0.0,DIESEL_4,Tue-10
0.0,GAS_1,Tue-10
0.0,GAS_2,Tue-10
165.0,GAS_3,Tue-10
158.0,GAS_4,Tue-10
500.0,COAL_1,Tue-11
530.0,COAL_2,Tue-11
0.0,DIESEL_1,Tue-11
87.0,DIESEL_2,Tue-11
0.0,DIESEL_3,Tue-11
0.0,DIESEL_4,Tue-11
0.0,GAS_1,Tue-11
0.0,GAS_2,Tue-11
165.0,GAS_3,Tue-11
158.0,GAS_4,Tue-11
500.0,COAL_1,Tue-12
522.0,COAL_2,Tue-12
0.0,DIESEL_1,Tue-12
87.0,DIESEL_2,Tue-12
0.0,DIESEL_3,Tue-12
0.0,DIESEL_4,Tue-12
0.0,GAS_1,Tue-12
0.0,GAS_2,Tue-12
165.0,GAS_3,Tue-12
158.0,GAS_4,Tue-12
500.0,COAL_1,Tue-13
524.0,COAL_2,Tue-13
0.0,DIESEL_1,Tue-13
87.0,DIESEL_2,Tue-13
0.0,DIESEL_3,Tue-13
0.0,DIESEL_4,Tue-13
0.0,GAS_1,Tue-13
0.0,GAS_2,Tue-13
165.0,GAS_3,Tue-13
158.0,GAS_4,Tue-13
500.0,COAL_1,Tue-14
522.0,COAL_2,Tue-14
0.0,DIESEL_1,Tue-14
87.0,DIESEL_2,Tue-14
0.0,DIESEL_3,Tue-14
0.0,DIESEL_4,Tue-14
0.0,GAS_1,Tue-14
0.0,GAS_2,Tue-14
165.0,GAS_3,Tue-14
158.0,GAS_4,Tue-14
500.0,COAL_1,Tue-15
512.0,COAL_2,Tue-15
0.0,DIESEL_1,Tue-15
87.0,DIESEL_2,Tue-15
0.0,DIESEL_3,Tue-15
0.0,DIESEL_4,Tue-15
0.0,GAS_1,Tue-15
0.0,GAS_2,Tue-15
165.0,GAS_3,Tue-15
158.0,GAS_4,Tue-15
500.0,COAL_1,Tue-16
497.0,COAL_2,Tue-16
0.0,DIESEL_1,Tue-16
87.0,DIESEL_2,Tue-16
0.0,DIESEL_3,Tue-16
0.0,DIESEL_4,Tue-16
0.0,GAS_1,Tue-16
0.0,GAS_2,Tue-16
165.0,GAS_3,Tue-16
158.0,GAS_4,Tue-16
500.0,COAL_1,Tue-17
476.0,COAL_2,Tue-17
0.0,DIESEL_1,Tue-17
87.0,DIESEL_2,Tue-17
0.0,DIESEL_3,Tue-17
0.0,DIESEL_4,Tue-17
0.0,GAS_1,Tue-17
0.0,GAS_2,Tue-17
165.0,GAS_3,Tue-17
158.0,GAS_4,Tue-17
500.0,COAL_1,Tue-18
454.0,COAL_2,Tue-18
0.0,DIESEL_1,Tue-18
87.0,DIESEL_2,Tue-18
0.0,DIESEL_3,Tue-18
0.0,DIESEL_4,Tue-18
0.0,GAS_1,Tue-18
0.0,GAS_2,Tue-18
165.0,GAS_3,Tue-18
158.0,GAS_4,Tue-18
500.0,COAL_1,Tue-19
444.0,COAL_2,Tue-19
0.0,DIESEL_1,Tue-19
87.0,DIESEL_2,Tue-19
0.0,DIESEL_3,Tue-19
0.0,DIESEL_4,Tue-19
0.0,GAS_1,Tue-19
0.0,GAS_2,Tue-19
165.0,GAS_3,Tue-19
158.0,GAS_4,Tue-19
500.0,COAL_1,Tue-20
452.0,COAL_2,Tue-20
0.0,DIESEL_1,Tue-20
87.0,DIESEL_2,Tue-20
0.0,DIESEL_3,Tue-20
0.0,DIESEL_4,Tue-20
0.0,GAS_1,Tue-20
0.0,GAS_2,Tue-20
165.0,GAS_3,Tue-20
158.0,GAS_4,Tue-20
500.0,COAL_1,Tue-21
446.0,COAL_2,Tue-21
0.0,DIESEL_1,Tue-21
87.0,DIESEL_2,Tue-21
0.0,DIESEL_3,Tue-21
0.0,DIESEL_4,Tue-21
0.0,GAS_1,Tue-21
0.0,GAS_2,Tue-21
165.0,GAS_3,Tue-21
158.0,GAS_4,Tue-21
500.0,COAL_1,Tue-22
424.0,COAL_2,Tue-22
0.0,DIESEL_1,Tue-22
87.0,DIESEL_2,Tue-22
0.0,DIESEL_3,Tue-22
0.0,DIESEL_4,Tue-22
0.0,GAS_1,Tue-22
0.0,GAS_2,Tue-22
165.0,GAS_3,Tue-22
158.0,GAS_4,Tue-22
500.0,COAL_1,Tue-23
400.0,COAL_2,Tue-23
0.0,DIESEL_1,Tue-23
87.0,DIESEL_2,Tue-23
0.0,DIESEL_3,Tue-23
0.0,DIESEL_4,Tue-23
0.0,GAS_1,Tue-23
0.0,GAS_2,Tue-23
165.0,GAS_3,Tue-23
158.0,GAS_4,Tue-23
500.0,COAL_1,Wed-00
339.0,COAL_2,Wed-00
40.0,DIESEL_1,Wed-00
87.0,DIESEL_2,Wed-00
0.0,DIESEL_3,Wed-00
0.0,DIESEL_4,Wed-00
0.0,GAS_1,Wed-00
0.0,GAS_2,Wed-00
165.0,GAS_3,Wed-00
158.0,GAS_4,Wed-00
500.0,COAL_1,Wed-01
286.0,COAL_2,Wed-01
80.0,DIESEL_1,Wed-01
87.0,DIESEL_2,Wed-01
0.0,DIESEL_3,Wed-01
0.0,DIESEL_4,Wed-01
0.0,GAS_1,Wed-01
0.0,GAS_2,Wed-01
165.0,GAS_3,Wed-01
158.0,GAS_4,Wed-01
500.0,COAL_1,Wed-02
264.0,COAL_2,Wed-02
90.0,DIESEL_1,Wed-02
87.0,DIESEL_2,Wed-02
0.0,DIESEL_3,Wed-02
0.0,DIESEL_4,Wed-02
0.0,GAS_1,Wed-02
0.0,GAS_2,Wed-02
165.0,GAS_3,Wed-02
158.0,GAS_4,Wed-02
500.0,COAL_1,Wed-03
254.0,COAL_2,Wed-03
90.0,DIESEL_1,Wed-03
87.0,DIESEL_2,Wed-03
0.0,DIESEL_3,Wed-03
0.0,DIESEL_4,Wed-03
0.0,GAS_1,Wed-03
0.0,GAS_2,Wed-03
165.0,GAS_3,Wed-03
158.0,GAS_4,Wed-03
500.0,COAL_1,Wed-04
256.0,COAL_2,Wed-04
90.0,DIESEL_1,Wed-04
87.0,DIESEL_2,Wed-04
0.0,DIESEL_3,Wed-04
0.0,DIESEL_4,Wed-04
0.0,GAS_1,Wed-04
0.0,GAS_2,Wed-04
165.0,GAS_3,Wed-04
158.0,GAS_4,Wed-04
500.0,COAL_1,Wed-05
285.0,COAL_2,Wed-05
90.0,DIESEL_1,Wed-05
87.0,DIESEL_2,Wed-05
0.0,DIESEL_3,Wed-05
0.0,DIESEL_4,Wed-05
0.0,GAS_1,Wed-05
0.0,GAS_2,Wed-05
165.0,GAS_3,Wed-05
158.0,GAS_4,Wed-05
500.0,COAL_1,Wed-06
327.0,COAL_2,Wed-06
90.0,DIESEL_1,Wed-06
87.0,DIESEL_2,Wed-06
0.0,DIESEL_3,Wed-06
0.0,DIESEL_4,Wed-06
0.0,GAS_1,Wed-06
0.0,GAS_2,Wed-06
165.0,GAS_3,Wed-06
158.0,GAS_4,Wed-06
500.0,COAL_1,Wed-07
360.0,COAL_2,Wed-07
90.0,DIESEL_1,Wed-07
87.0,DIESEL_2,Wed-07
0.0,DIESEL_3,Wed-07
0.0,DIESEL_4,Wed-07
0.0,GAS_1,Wed-07
0.0,GAS_2,Wed-07
165.0,GAS_3,Wed-07
158.0,GAS_4,Wed-07
500.0,COAL_1,Wed-08
394.0,COAL_2,Wed-08
90.0,DIESEL_1,Wed-08
87.0,DIESEL_2,Wed-08
0.0,DIESEL_3,Wed-08
0.0,DIESEL_4,Wed-08
0.0,GAS_1,Wed-08
0.0,GAS_2,Wed-08
165.0,GAS_3,Wed-08
158.0,GAS_4,Wed-08
500.0,COAL_1,Wed-09
417.0,COAL_2,Wed-09
90.0,DIESEL_1,Wed-09
87.0,DIESEL_2,Wed-09
0.0,DIESEL_3,Wed-09
0.0,DIESEL_4,Wed-09
0.0,GAS_1,Wed-09
0.0,GAS_2,Wed-09
165.0,GAS_3,Wed-09
158.0,GAS_4,Wed-09
500.0,COAL_1,Wed-10
436.0,COAL_2,Wed-10
90.0,DIESEL_1,Wed-10
87.0,DIESEL_2,Wed-10
0.0,DIESEL_3,Wed-10
0.0,DIESEL_4,Wed-10
0.0,GAS_1,Wed-10
0.0,GAS_2,Wed-10
165.0,GAS_3,Wed-10
158.0,GAS_4,Wed-10
500.0,COAL_1,Wed-11
441.0,COAL_2,Wed-11
90.0,DIESEL_1,Wed-11
87.0,DIESEL_2,Wed-11
0.0,DIESEL_3,Wed-11
0.0,DIESEL_4,Wed-11
0.0,GAS_1,Wed-11
0.0,GAS_2,Wed-11
165.0,GAS_3,Wed-11
158.0,GAS_4,Wed-11
500.0,COAL_1,Wed-12
433.0,COAL_2,Wed-12
90.0,DIESEL_1,Wed-12
87.0,DIESEL_2,Wed-12
0.0,DIESEL_3,Wed-12
0.0,DIESEL_4,Wed-12
0.0,GAS_1,Wed-12
0.0,GAS_2,Wed-12
165.0,GAS_3,Wed-12
158.0,GAS_4,Wed-12
500.0,COAL_1,Wed-13
435.0,COAL_2,Wed-13
90.0,DIESEL_1,Wed-13
87.0,DIESEL_2,Wed-13
0.0,DIESEL_3,Wed-13
0.0,DIESEL_4,Wed-13
0.0,GAS_1,Wed-13
0.0,GAS_2,Wed-13
165.0,GAS_3,Wed-13
158.0,GAS_4,Wed-13
500.0,COAL_1,Wed-14
433.0,COAL_2,Wed-14
90.0,DIESEL_1,Wed-14
87.0,DIESEL_2,Wed-14
0.0,DIESEL_3,Wed-14
0.0,DIESEL_4,Wed-14
0.0,GAS_1,Wed-14
0.0,GAS_2,Wed-14
165.0,GAS_3,Wed-14
158.0,GAS_4,Wed-14
500.0,COAL_1,Wed-15
423.0,COAL_2,Wed-15
90.0,DIESEL_1,Wed-15
87.0,DIESEL_2,Wed-15
0.0,DIESEL_3,Wed-15
0.0,DIESEL_4,Wed-15
0.0,GAS_1,Wed-15
0.0,GAS_2,Wed-15
165.0,GAS_3,Wed-15
158.0,GAS_4,Wed-15
500.0,COAL_1,Wed-16
408.0,COAL_2,Wed-16
90.0,DIESEL_1,Wed-16
87.0,DIESEL_2,Wed-16
0.0,DIESEL_3,Wed-16
0.0,DIESEL_4,Wed-16
0.0,GAS_1,Wed-16
0.0,GAS_2,Wed-16
165.0,GAS_3,Wed-16
158.0,GAS_4,Wed-16
500.0,COAL_1,Wed-17
388.0,COAL_2,Wed-17
90.0,DIESEL_1,Wed-17
87.0,DIESEL_2,Wed-17
0.0,DIESEL_3,Wed-17
0.0,DIESEL_4,Wed-17
0.0,GAS_1,Wed-17
0.0,GAS_2,Wed-17
165.0,GAS_3,Wed-17
158.0,GAS_4,Wed-17
500.0,COAL_1,Wed-18
365.0,COAL_2,Wed-18
90.0,DIESEL_1,Wed-18
87.0,DIESEL_2,Wed-18
0.0,DIESEL_3,Wed-18
0.0,DIESEL_4,Wed-18
0.0,GAS_1,Wed-18
0.0,GAS_2,Wed-18
165.0,GAS_3,Wed-18
158.0,GAS_4,Wed-18
500.0,COAL_1,Wed-19
355.0,COAL_2,Wed-19
90.0,DIESEL_1,Wed-19
87.0,DIESEL_2,Wed-19
0.0,DIESEL_3,Wed-19
0.0,DIESEL_4,Wed-19
0.0,GAS_1,Wed-19
0.0,GAS_2,Wed-19
165.0,GAS_3,Wed-19
158.0,GAS_4,Wed-19
500.0,COAL_1,Wed-20
363.0,COAL_2,Wed-20
90.0,DIESEL_1,Wed-20
87.0,DIESEL_2,Wed-20
0.0,DIESEL_3,Wed-20
0.0,DIESEL_4,Wed-20
0.0,GAS_1,Wed-20
0.0,GAS_2,Wed-20
165.0,GAS_3,Wed-20
158.0,GAS_4,Wed-20
500.0,COAL_1,Wed-21
357.0,COAL_2,Wed-21
90.0,DIESEL_1,Wed-21
87.0,DIESEL_2,Wed-21
0.0,DIESEL_3,Wed-21
0.0,DIESEL_4,Wed-21
0.0,GAS_1,Wed-21
0.0,GAS_2,Wed-21
165.0,GAS_3,Wed-21
158.0,GAS_4,Wed-21
500.0,COAL_1,Wed-22
335.0,COAL_2,Wed-22
90.0,DIESEL_1,Wed-22
87.0,DIESEL_2,Wed-22
0.0,DIESEL_3,Wed-22
0.0,DIESEL_4,Wed-22
0.0,GAS_1,Wed-22
0.0,GAS_2,Wed-22
165.0,GAS_3,Wed-22
158.0,GAS_4,Wed-22
500.0,COAL_1,Wed-23
311.0,COAL_2,Wed-23
90.0,DIESEL_1,Wed-23
87.0,DIESEL_2,Wed-23
0.0,DIESEL_3,Wed-23
0.0,DIESEL_4,Wed-23
0.0,GAS_1,Wed-23
0.0,GAS_2,Wed-23
165.0,GAS_3,Wed-23
158.0,GAS_4,Wed-23
500.0,COAL_1,Thu-00
289.0,COAL_2,Thu-00
90.0,DIESEL_1,Thu-00
87.0,DIESEL_2,Thu-00
0.0,DIESEL_3,Thu-00
0.0,DIESEL_4,Thu-00
0.0,GAS_1,Thu-00
0.0,GAS_2,Thu-00
165.0,GAS_3,Thu-00
158.0,GAS_4,Thu-00
500.0,COAL_1,Thu-01
277.0,COAL_2,Thu-01
90.0,DIESEL_1,Thu-01
87.0,DIESEL_2,Thu-01
0.0,DIESEL_3,Thu-01
0.0,DIESEL_4,Thu-01
0.0,GAS_1,Thu-01
0.0,GAS_2,Thu-01
165.0,GAS_3,Thu-01
158.0,GAS_4,Thu-01
500.0,COAL_1,Thu-02
265.0,COAL_2,Thu-02
90.0,DIESEL_1,Thu-02
87.0,DIESEL_2,Thu-02
0.0,DIESEL_3,Thu-02
0.0,DIESEL_4,Thu-02
0.0,GAS_1,Thu-02
0.0,GAS_2,Thu-02
165.0,GAS_3,Thu-02
158.0,GAS_4,Thu-02
500.0,COAL_1,Thu-03
255.0,COAL_2,Thu-03
90.0,DIESEL_1,Thu-03
87.0,DIESEL_2,Thu-03
0.0,DIESEL_3,Thu-03
0.0,DIESEL_4,Thu-03
0.0,GAS_1,Thu-03
0.0,GAS_2,Thu-03
165.0,GAS_3,Thu-03
158.0,GAS_4,Thu-03
500.0,COAL_1,Thu-04
258.0,COAL_2,Thu-04
90.0,DIESEL_1,Thu-04
87.0,DIESEL_2,Thu-04
0.0,DIESEL_3,Thu-04
0.0,DIESEL_4,Thu-04
0.0,GAS_1,Thu-04
0.0,GAS_2,Thu-04
165.0,GAS_3,Thu-04
158.0,GAS_4,Thu-04
500.0,COAL_1,Thu-05
286.0,COAL_2,Thu-05
90.0,DIESEL_1,Thu-05
87.0,DIESEL_2,Thu-05
0.0,DIESEL_3,Thu-05
0.0,DIESEL_4,Thu-05
0.0,GAS_1,Thu-05
0.0,GAS_2,Thu-05
165.0,GAS_3,Thu-05
158.0,GAS_4,Thu-05
500.0,COAL_1,Thu-06
329.0,COAL_2,Thu-06
90.0,DIESEL_1,Thu-06
87.0,DIESEL_2,Thu-06
0.0,DIESEL_3,Thu-06
0.0,DIESEL_4,Thu-06
0.0,GAS_1,Thu-06
0.0,GAS_2,Thu-06
165.0,GAS_3,Thu-06
158.0,GAS_4,Thu-06
500.0,COAL_1,Thu-07
362.0,COAL_2,Thu-07
90.0,DIESEL_1,Thu-07
87.0,DIESEL_2,Thu-07
0.0,DIESEL_3,Thu-07
0.0,DIESEL_4,Thu-07
0.0,GAS_1,Thu-07
0.0,GAS_2,Thu-07
165.0,GAS_3,Thu-07
158.0,GAS_4,Thu-07
500.0,COAL_1,Thu-08
396.0,COAL_2,Thu-08
90.0,DIESEL_1,Thu-08
87.0,DIESEL_2,Thu-08
0.0,DIESEL_3,Thu-08
0.0,DIESEL_4,Thu-08
0.0,GAS_1,Thu-08
0.0,GAS_2,Thu-08
165.0,GAS_3,Thu-08
158.0,GAS_4,Thu-08
500.0,COAL_1,Thu-09
420.0,COAL_2,Thu-09
90.0,DIESEL_1,Thu-09
87.0,DIESEL_2,Thu-09
0.0,DIESEL_3,Thu-09
0.0,DIESEL_4,Thu-09
0.0,GAS_1,Thu-09
0.0,GAS_2,Thu-09
165.0,GAS_3,Thu-09
158.0,GAS_4,Thu-09
500.0,COAL_1,Thu-10
439.0,COAL_2,Thu-10
90.0,DIESEL_1,Thu-10
87.0,DIESEL_2,Thu-10
0.0,DIESEL_3,Thu-10
0.0,DIESEL_4,Thu-10
0.0,GAS_1,Thu-10
0.0,GAS_2,Thu-10
165.0,GAS_3,Thu-10
158.0,GAS_4,Thu-10
500.0,COAL_1,Thu-11
443.0,COAL_2,Thu-11
90.0,DIESEL_1,Thu-11
87.0,DIESEL_2,Thu-11
0.0,DIESEL_3,Thu-11
0.0,DIESEL_4,Thu-11
0.0,GAS_1,Thu-11
0.0,GAS_2,Thu-11
165.0,GAS_3,Thu-11
158.0,GAS_4,Thu-11
500.0,COAL_1,Thu-12
435.0,COAL_2,Thu-12
90.0,DIESEL_1,Thu-12
87.0,DIESEL_2,Thu-12
0.0,DIESEL_3,Thu-12
0.0,DIESEL_4,Thu-12
0.0,GAS_1,Thu-12
0.0,GAS_2,Thu-12
165.0,GAS_3,Thu-12
158.0,GAS_4,Thu-12
500.0,COAL_1,Thu-13
437.0,COAL_2,Thu-13
90.0,DIESEL_1,Thu-13
87.0,DIESEL_2,Thu-13
0.0,DIESEL_3,Thu-13
0.0,DIESEL_4,Thu-13
0.0,GAS_1,Thu-13
0.0,GAS_2,Thu-13
165.0,GAS_3,Thu-13
158.0,GAS_4,Thu-13
500.0,COAL_1,Thu-14
435.0,COAL_2,Thu-14
90.0,DIESEL_1,Thu-14
87.0,DIESEL_2,Thu-14
0.0,DIESEL_3,Thu-14
0.0,DIESEL_4,Thu-14
0.0,GAS_1,Thu-14
0.0,GAS_2,Thu-14
165.0,GAS_3,Thu-14
158.0,GAS_4,Thu-14
500.0,COAL_1,Thu-15
425.0,COAL_2,Thu-15
90.0,DIESEL_1,Thu-15
87.0,DIESEL_2,Thu-15
0.0,DIESEL_3,Thu-15
0.0,DIESEL_4,Thu-15
0.0,GAS_1,Thu-15
0.0,GAS_2,Thu-15
165.0,GAS_3,Thu-15
158.0,GAS_4,Thu-15
500.0,COAL_1,Thu-16
410.0,COAL_2,Thu-16
90.0,DIESEL_1,Thu-16
87.0,DIESEL_2,Thu-16
0.0,DIESEL_3,Thu-16
0.0,DIESEL_4,Thu-16
0.0,GAS_1,Thu-16
0.0,GAS_2,Thu-16
165.0,GAS_3,Thu-16
158.0,GAS_4,Thu-16
500.0,COAL_1,Thu-17
389.0,COAL_2,Thu-17
90.0,DIESEL_1,Thu-17
87.0,DIESEL_2,Thu-17
0.0,DIESEL_3,Thu-17
0.0,DIESEL_4,Thu-17
0.0,GAS_1,Thu-17
0.0,GAS_2,Thu-17
165.0,GAS_3,Thu-17
158.0,GAS_4,Thu-17
500.0,COAL_1,Thu-18
367.0,COAL_2,Thu-18
90.0,DIESEL_1,Thu-18
87.0,DIESEL_2,Thu-18
0.0,DIESEL_3,Thu-18
0.0,DIESEL_4,Thu-18
0.0,GAS_1,Thu-18
0.0,GAS_2,Thu-18
165.0,GAS_3,Thu-18
158.0,GAS_4,Thu-18
500.0,COAL_1,Thu-19
356.0,COAL_2,Thu-19
90.0,DIESEL_1,Thu-19
87.0,DIESEL_2,Thu-19
0.0,DIESEL_3,Thu-19
0.0,DIESEL_4,Thu-19
0.0,GAS_1,Thu-19
0.0,GAS_2,Thu-19
165.0,GAS_3,Thu-19
158.0,GAS_4,Thu-19
500.0,COAL_1,Thu-20
364.0,COAL_2,Thu-20
90.0,DIESEL_1,Thu-20
87.0,DIESEL_2,Thu-20
0.0,DIESEL_3,Thu-20
0.0,DIESEL_4,Thu-20
0.0,GAS_1,Thu-20
0.0,GAS_2,Thu-20
165.0,GAS_3,Thu-20
158.0,GAS_4,Thu-20
500.0,COAL_1,Thu-21
359.0,COAL_2,Thu-21
90.0,DIESEL_1,Thu-21
87.0,DIESEL_2,Thu-21
0.0,DIESEL_3,Thu-21
0.0,DIESEL_4,Thu-21
0.0,GAS_1,Thu-21
0.0,GAS_2,Thu-21
165.0,GAS_3,Thu-21
158.0,GAS_4,Thu-21
500.0,COAL_1,Thu-22
336.0,COAL_2,Thu-22
90.0,DIESEL_1,Thu-22
87.0,DIESEL_2,Thu-22
0.0,DIESEL_3,Thu-22
0.0,DIESEL_4,Thu-22
0.0,GAS_1,Thu-22
0.0,GAS_2,Thu-22
165.0,GAS_3,Thu-22
158.0,GAS_4,Thu-22
500.0,COAL_1,Thu-23
313.0,COAL_2,Thu-23
90.0,DIESEL_1,Thu-23
87.0,DIESEL_2,Thu-23
0.0,DIESEL_3,Thu-23
0.0,DIESEL_4,Thu-23
0.0,GAS_1,Thu-23
0.0,GAS_2,Thu-23
165.0,GAS_3,Thu-23
158.0,GAS_4,Thu-23
500.0,COAL_1,Fri-00
295.0,COAL_2,Fri-00
90.0,DIESEL_1,Fri-00
87.0,DIESEL_2,Fri-00
0.0,DIESEL_3,Fri-00
0.0,DIESEL_4,Fri-00
0.0,GAS_1,Fri-00
0.0,GAS_2,Fri-00
165.0,GAS_3,Fri-00
158.0,GAS_4,Fri-00
500.0,COAL_1,Fri-01
281.0,COAL_2,Fri-01
90.0,DIESEL_1,Fri-01
87.0,DIESEL_2,Fri-01
0.0,DIESEL_3,Fri-01
0.0,DIESEL_4,Fri-01
0.0,GAS_1,Fri-01
0.0,GAS_2,Fri-01
165.0,GAS_3,Fri-01
158.0,GAS_4,Fri-01
500.0,COAL_1,Fri-02
269.0,COAL_2,Fri-02
90.0,DIESEL_1,Fri-02
87.0,DIESEL_2,Fri-02
0.0,DIESEL_3,Fri-02
0.0,DIESEL_4,Fri-02
0.0,GAS_1,Fri-02
0.0,GAS_2,Fri-02
165.0,GAS_3,Fri-02
158.0,GAS_4,Fri-02
500.0,COAL_1,Fri-03
264.0,COAL_2,Fri-03
90.0,DIESEL_1,Fri-03
87.0,DIESEL_2,Fri-03
0.0,DIESEL_3,Fri-03
0.0,DIESEL_4,Fri-03
0.0,GAS_1,Fri-03
0.0,GAS_2,Fri-03
165.0,GAS_3,Fri-03
158.0,GAS_4,Fri-03
500.0,COAL_1,Fri-04
269.0,COAL_2,Fri-04
90.0,DIESEL_1,Fri-04
87.0,DIESEL_2,Fri-04
0.0,DIESEL_3,Fri-04
0.0,DIESEL_4,Fri-04
0.0,GAS_1,Fri-04
0.0,GAS_2,Fri-04
165.0,GAS_3,Fri-04
158.0,GAS_4,Fri-04
500.0,COAL_1,Fri-05
294.0,COAL_2,Fri-05
90.0,DIESEL_1,Fri-05
87.0,DIESEL_2,Fri-05
0.0,DIESEL_3,Fri-05
0.0,DIESEL_4,Fri-05
0.0,GAS_1,Fri-05
0.0,GAS_2,Fri-05
165.0,GAS_3,Fri-05
158.0,GAS_4,Fri-05
500.0,COAL_1,Fri-06
338.0,COAL_2,Fri-06
90.0,DIESEL_1,Fri-06
87.0,DIESEL_2,Fri-06
0.0,DIESEL_3,Fri-06
0.0,DIESEL_4,Fri-06
0.0,GAS_1,Fri-06
0.0,GAS_2,Fri-06
165.0,GAS_3,Fri-06
158.0,GAS_4,Fri-06
500.0,COAL_1,Fri-07
368.0,COAL_2,Fri-07
90.0,DIESEL_1,Fri-07
87.0,DIESEL_2,Fri-07
0.0,DIESEL_3,Fri-07
0.0,DIESEL_4,Fri-07
0.0,GAS_1,Fri-07
0.0,GAS_2,Fri-07
165.0,GAS_3,Fri-07
158.0,GAS_4,Fri-07
500.0,COAL_1,Fri-08
402.0,COAL_2,Fri-08
90.0,DIESEL_1,Fri-08
87.0,DIESEL_2,Fri-08
0.0,DIESEL_3,Fri-08
0.0,DIESEL_4,Fri-08
0.0,GAS_1,Fri-08
0.0,GAS_2,Fri-08
165.0,GAS_3,Fri-08
158.0,GAS_4,Fri-08
500.0,COAL_1,Fri-09
427.0,COAL_2,Fri-09
90.0,DIESEL_1,Fri-09
87.0,DIESEL_2,Fri-09
0.0,DIESEL_3,Fri-09
0.0,DIESEL_4,Fri-09
0.0,GAS_1,Fri-09
0.0,GAS_2,Fri-09
165.0,GAS_3,Fri-09
158.0,GAS_4,Fri-09
500.0,COAL_1,Fri-10
446.0,COAL_2,Fri-10
90.0,DIESEL_1,Fri-10
87.0,DIESEL_2,Fri-10
0.0,DIESEL_3,Fri-10
0.0,DIESEL_4,Fri-10
0.0,GAS_1,Fri-10
0.0,GAS_2,Fri-10
165.0,GAS_3,Fri-10
158.0,GAS_4,Fri-10
500.0,COAL_1,Fri-11
448.0,COAL_2,Fri-11
90.0,DIESEL_1,Fri-11
87.0,DIESEL_2,Fri-11
0.0,DIESEL_3,Fri-11
0.0,DIESEL_4,Fri-11
0.0,GAS_1,Fri-11
0.0,GAS_2,Fri-11
165.0,GAS_3,Fri-11
158.0,GAS_4,Fri-11
500.0,COAL_1,Fri-12
437.0,COAL_2,Fri-12
90.0,DIESEL_1,Fri-12
87.0,DIESEL_2,Fri-12
0.0,DIESEL_3,Fri-12
0.0,DIESEL_4,Fri-12
0.0,GAS_1,Fri-12
0.0,GAS_2,Fri-12
165.0,GAS_3,Fri-12
158.0,GAS_4,Fri-12
500.0,COAL_1,Fri-13
439.0,COAL_2,Fri-13
90.0,DIESEL_1,Fri-13
87.0,DIESEL_2,Fri-13
0.0,DIESEL_3,Fri-13
0.0,DIESEL_4,Fri-13
0.0,GAS_1,Fri-13
0.0,GAS_2,Fri-13
165.0,GAS_3,Fri-13
158.0,GAS_4,Fri-13
500.0,COAL_1,Fri-14
434.0,COAL_2,Fri-14
90.0,DIESEL_1,Fri-14
87.0,DIESEL_2,Fri-14
0.0,DIESEL_3,Fri-14
0.0,DIESEL_4,Fri-14
0.0,GAS_1,Fri-14
0.0,GAS_2,Fri-14
165.0,GAS_3,Fri-14
158.0,GAS_4,Fri-14
500.0,COAL_1,Fri-15
422.0,COAL_2,Fri-15
90.0,DIESEL_1,Fri-15
87.0,DIESEL_2,Fri-15
0.0,DIESEL_3,Fri-15
0.0,DIESEL_4,Fri-15
0.0,GAS_1,Fri-15
0.0,GAS_2,Fri-15
165.0,GAS_3,Fri-15
158.0,GAS_4,Fri-15
500.0,COAL_1,Fri-16
411.0,COAL_2,Fri-16
90.0,DIESEL_1,Fri-16
87.0,DIESEL_2,Fri-16
0.0,DIESEL_3,Fri-16
0.0,DIESEL_4,Fri-16
0.0,GAS_1,Fri-16
0.0,GAS_2,Fri-16
165.0,GAS_3,Fri-16
158.0,GAS_4,Fri-16
500.0,COAL_1,Fri-17
385.0,COAL_2,Fri-17
90.0,DIESEL_1,Fri-17
87.0,DIESEL_2,Fri-17
0.0,DIESEL_3,Fri-17
0.0,DIESEL_4,Fri-17
0.0,GAS_1,Fri-17
0.0,GAS_2,Fri-17
165.0,GAS_3,Fri-17
158.0,GAS_4,Fri-17
500.0,COAL_1,Fri-18
358.0,COAL_2,Fri-18
90.0,DIESEL_1,Fri-18
87.0,DIESEL_2,Fri-18
0.0,DIESEL_3,Fri-18
0.0,DIESEL_4,Fri-18
0.0,GAS_1,Fri-18
0.0,GAS_2,Fri-18
165.0,GAS_3,Fri-18
158.0,GAS_4,Fri-18
500.0,COAL_1,Fri-19
340.0,COAL_2,Fri-19
90.0,DIESEL_1,Fri-19
87.0,DIESEL_2,Fri-19
0.0,DIESEL_3,Fri-19
0.0,DIESEL_4,Fri-19
0.0,GAS_1,Fri-19
0.0,GAS_2,Fri-19
165.0,GAS_3,Fri-19
158.0,GAS_4,Fri-19
500.0,COAL_1,Fri-20
345.0,COAL_2,Fri-20
90.0,DIESEL_1,Fri-20
87.0,DIESEL_2,Fri-20
0.0,DIESEL_3,Fri-20
0.0,DIESEL_4,Fri-20
0.0,GAS_1,Fri-20
0.0,GAS_2,Fri-20
165.0,GAS_3,Fri-20
158.0,GAS_4,Fri-20
500.0,COAL_1,Fri-21
333.0,COAL_2,Fri-21
90.0,DIESEL_1,Fri-21
87.0,DIESEL_2,Fri-21
0.0,DIESEL_3,Fri-21
0.0,DIESEL_4,Fri-21
0.0,GAS_1,Fri-21
0.0,GAS_2,Fri-21
165.0,GAS_3,Fri-21
158.0,GAS_4,Fri-21
500.0,COAL_1,Fri-22
307.0,COAL_2,Fri-22
90.0,DIESEL_1,Fri-22
87.0,DIESEL_2,Fri-22
0.0,DIESEL_3,Fri-22
0.0,DIESEL_4,Fri-22
0.0,GAS_1,Fri-22
0.0,GAS_2,Fri-22
165.0,GAS_3,Fri-22
158.0,GAS_4,Fri-22
500.0,COAL_1,Fri-23
282.0,COAL_2,Fri-23
90.0,DIESEL_1,Fri-23
87.0,DIESEL_2,Fri-23
0.0,DIESEL_3,Fri-23
0.0,DIESEL_4,Fri-23
0.0,GAS_1,Fri-23
0.0,GAS_2,Fri-23
165.0,GAS_3,Fri-23
158.0,GAS_4,Fri-23
500.0,COAL_1,Sat-00
259.0,COAL_2,Sat-00
90.0,DIESEL_1,Sat-00
87.0,DIESEL_2,Sat-00
0.0,DIESEL_3,Sat-00
0.0,DIESEL_4,Sat-00
0.0,GAS_1,Sat-00
0.0,GAS_2,Sat-00
165.0,GAS_3,Sat-00
158.0,GAS_4,Sat-00
500.0,COAL_1,Sat-01
245.0,COAL_2,Sat-01
90.0,DIESEL_1,Sat-01
87.0,DIESEL_2,Sat-01
0.0,DIESEL_3,Sat-01
0.0,DIESEL_4,Sat-01
0.0,GAS_1,Sat-01
0.0,GAS_2,Sat-01
165.0,GAS_3,Sat-01
158.0,GAS_4,Sat-01
500.0,COAL_1,Sat-02
233.333333333,COAL_2,Sat-02
90.0,DIESEL_1,Sat-02
87.0,DIESEL_2,Sat-02
0.0,DIESEL_3,Sat-02
0.0,DIESEL_4,Sat-02
0.0,GAS_1,Sat-02
0.0,GAS_2,Sat-02
165.0,GAS_3,Sat-02
155.666666667,GAS_4,Sat-02
500.0,COAL_1,Sat-03
233.333333333,COAL_2,Sat-03
90.0,DIESEL_1,Sat-03
87.0,DIESEL_2,Sat-03
0.0,DIESEL_3,Sat-03
0.0,DIESEL_4,Sat-03
0.0,GAS_1,Sat-03
0.0,GAS_2,Sat-03
165.0,GAS_3,Sat-03
145.666666667,GAS_4,Sat-03
500.0,COAL_1,Sat-04
233.333333333,COAL_2,Sat-04
90.0,DIESEL_1,Sat-04
87.0,DIESEL_2,Sat-04
0.0,DIESEL_3,Sat-04
0.0,DIESEL_4,Sat-04
0.0,GAS_1,Sat-04
0.0,GAS_2,Sat-04
165.0,GAS_3,Sat-04
140.666666667,GAS_4,Sat-04
500.0,COAL_1,Sat-05
233.333333333,COAL_2,Sat-05
90.0,DIESEL_1,Sat-05
87.0,DIESEL_2,Sat-05
0.0,DIESEL_3,Sat-05
0.0,DIESEL_4,Sat-05
0.0,GAS_1,Sat-05
0.0,GAS_2,Sat-05
165.0,GAS_3,Sat-05
148.666666667,GAS_4,Sat-05
500.0,COAL_1,Sat-06
236.0,COAL_2,Sat-06
90.0,DIESEL_1,Sat-06
87.0,DIESEL_2,Sat-06
0.0,DIESEL_3,Sat-06
0.0,DIESEL_4,Sat-06
0.0,GAS_1,Sat-06
0.0,GAS_2,Sat-06
165.0,GAS_3,Sat-06
158.0,GAS_4,Sat-06
500.0,COAL_1,Sat-07
243.0,COAL_2,Sat-07
90.0,DIESEL_1,Sat-07
87.0,DIESEL_2,Sat-07
0.0,DIESEL_3,Sat-07
0.0,DIESEL_4,Sat-07
0.0,GAS_1,Sat-07
0.0,GAS_2,Sat-07
165.0,GAS_3,Sat-07
158.0,GAS_4,Sat-07
500.0,COAL_1,Sat-08
262.0,COAL_2,Sat-08
90.0,DIESEL_1,Sat-08
87.0,DIESEL_2,Sat-08
0.0,DIESEL_3,Sat-08
0.0,DIESEL_4,Sat-08
0.0,GAS_1,Sat-08
0.0,GAS_2,Sat-08
165.0,GAS_3,Sat-08
158.0,GAS_4,Sat-08
500.0,COAL_1,Sat-09
280.0,COAL_2,Sat-09
90.0,DIESEL_1,Sat-09
87.0,DIESEL_2,Sat-09
0.0,DIESEL_3,Sat-09
0.0,DIESEL_4,Sat-09
0.0,GAS_1,Sat-09
0.0,GAS_2,Sat-09
165.0,GAS_3,Sat-09
158.0,GAS_4,Sat-09
500.0,COAL_1,Sat-10
294.0,COAL_2,Sat-10
90.0,DIESEL_1,Sat-10
87.0,DIESEL_2,Sat-10
0.0,DIESEL_3,Sat-10
0.0,DIESEL_4,Sat-10
0.0,GAS_1,Sat-10
0.0,GAS_2,Sat-10
165.0,GAS_3,Sat-10
158.0,GAS_4,Sat-10
500.0,COAL_1,Sat-11
302.0,COAL_2,Sat-11
90.0,DIESEL_1,Sat-11
87.0,DIESEL_2,Sat-11
0.0,DIESEL_3,Sat-11
0.0,DIESEL_4,Sat-11
0.0,GAS_1,Sat-11
0.0,GAS_2,Sat-11
165.0,GAS_3,Sat-11
158.0,GAS_4,Sat-11
500.0,COAL_1,Sat-12
300.0,COAL_2,Sat-12
90.0,DIESEL_1,Sat-12
87.0,DIESEL_2,Sat-12
0.0,DIESEL_3,Sat-12
0.0,DIESEL_4,Sat-12
0.0,GAS_1,Sat-12
0.0,GAS_2,Sat-12
165.0,GAS_3,Sat-12
158.0,GAS_4,Sat-12
500.0,COAL_1,Sat-13
294.0,COAL_2,Sat-13
90.0,DIESEL_1,Sat-13
87.0,DIESEL_2,Sat-13
0.0,DIESEL_3,Sat-13
0.0,DIESEL_4,Sat-13
0.0,GAS_1,Sat-13
0.0,GAS_2,Sat-13
165.0,GAS_3,Sat-13
158.0,GAS_4,Sat-13
500.0,COAL_1,Sat-14
287.0,COAL_2,Sat-14
90.0,DIESEL_1,Sat-14
87.0,DIESEL_2,Sat-14
0.0,DIESEL_3,Sat-14
0.0,DIESEL_4,Sat-14
0.0,GAS_1,Sat-14
0.0,GAS_2,Sat-14
165.0,GAS_3,Sat-14
158.0,GAS_4,Sat-14
500.0,COAL_1,Sat-15
279.0,COAL_2,Sat-15
90.0,DIESEL_1,Sat-15
87.0,DIESEL_2,Sat-15
0.0,DIESEL_3,Sat-15
0.0,DIESEL_4,Sat-15
0.0,GAS_1,Sat-15
0.0,GAS_2,Sat-15
165.0,GAS_3,Sat-15
158.0,GAS_4,Sat-15
500.0,COAL_1,Sat-16
275.0,COAL_2,Sat-16
90.0,DIESEL_1,Sat-16
87.0,DIESEL_2,Sat-16
0.0,DIESEL_3,Sat-16
0.0,DIESEL_4,Sat-16
0.0,GAS_1,Sat-16
0.0,GAS_2,Sat-16
165.0,GAS_3,Sat-16
158.0,GAS_4,Sat-16
500.0,COAL_1,Sat-17
265.0,COAL_2,Sat-17
90.0,DIESEL_1,Sat-17
87.0,DIESEL_2,Sat-17
0.0,DIESEL_3,Sat-17
0.0,DIESEL_4,Sat-17
0.0,GAS_1,Sat-17
0.0,GAS_2,Sat-17
165.0,GAS_3,Sat-17
158.0,GAS_4,Sat-17
500.0,COAL_1,Sat-18
255.0,COAL_2,Sat-18
90.0,DIESEL_1,Sat-18
87.0,DIESEL_2,Sat-18
0.0,DIESEL_3,Sat-18
0.0,DIESEL_4,Sat-18
0.0,GAS_1,Sat-18
0.0,GAS_2,Sat-18
165.0,GAS_3,Sat-18
158.0,GAS_4,Sat-18
500.0,COAL_1,Sat-19
246.0,COAL_2,Sat-19
90.0,DIESEL_1,Sat-19
87.0,DIESEL_2,Sat-19
0.0,DIESEL_3,Sat-19
0.0,DIESEL_4,Sat-19
0.0,GAS_1,Sat-19
0.0,GAS_2,Sat-19
165.0,GAS_3,Sat-19
158.0,GAS_4,Sat-19
500.0,COAL_1,Sat-20
244.0,COAL_2,Sat-20
90.0,DIESEL_1,Sat-20
87.0,DIESEL_2,Sat-20
0.0,DIESEL_3,Sat-20
0.0,DIESEL_4,Sat-20
0.0,GAS_1,Sat-20
0.0,GAS_2,Sat-20
165.0,GAS_3,Sat-20
158.0,GAS_4,Sat-20
500.0,COAL_1,Sat-21
235.0,COAL_2,Sat-21
90.0,DIESEL_1,Sat-21
87.0,DIESEL_2,Sat-21
0.0,DIESEL_3,Sat-21
0.0,DIESEL_4,Sat-21
0.0,GAS_1,Sat-21
0.0,GAS_2,Sat-21
165.0,GAS_3,Sat-21
158.0,GAS_4,Sat-21
500.0,COAL_1,Sat-22
233.333333333,COAL_2,Sat-22
90.0,DIESEL_1,Sat-22
87.0,DIESEL_2,Sat-22
0.0,DIESEL_3,Sat-22
0.0,DIESEL_4,Sat-22
0.0,GAS_1,Sat-22
0.0,GAS_2,Sat-22
165.0,GAS_3,Sat-22
143.666666667,GAS_4,Sat-22
500.0,COAL_1,Sat-23
233.333333333,COAL_2,Sat-23
90.0,DIESEL_1,Sat-23
87.0,DIESEL_2,Sat-23
0.0,DIESEL_3,Sat-23
0.0,DIESEL_4,Sat-23
0.0,GAS_1,Sat-23
0.0,GAS_2,Sat-23
165.0,GAS_3,Sat-23
123.666666667,GAS_4,Sat-23
500.0,COAL_1,Sun-00
233.333333333,COAL_2,Sun-00
90.0,DIESEL_1,Sun-00
87.0,DIESEL_2,Sun-00
0.0,DIESEL_3,Sun-00
0.0,DIESEL_4,Sun-00
0.0,GAS_1,Sun-00
0.0,GAS_2,Sun-00
165.0,GAS_3,Sun-00
108.666666667,GAS_4,Sun-00
500.0,COAL_1,Sun-01
233.333333333,COAL_2,Sun-01
90.0,DIESEL_1,Sun-01
87.0,DIESEL_2,Sun-01
0.0,DIESEL_3,Sun-01
0.0,DIESEL_4,Sun-01
0.0,GAS_1,Sun-01
0.0,GAS_2,Sun-01
165.0,GAS_3,Sun-01
96.6666666667,GAS_4,Sun-01
500.0,COAL_1,Sun-02
233.333333333,COAL_2,Sun-02
90.0,DIESEL_1,Sun-02
87.0,DIESEL_2,Sun-02
0.0,DIESEL_3,Sun-02
0.0,DIESEL_4,Sun-02
0.0,GAS_1,Sun-02
0.0,GAS_2,Sun-02
165.0,GAS_3,Sun-02
87.6666666667,GAS_4,Sun-02
500.0,COAL_1,Sun-03
233.333333333,COAL_2,Sun-03
90.0,DIESEL_1,Sun-03
87.0,DIESEL_2,Sun-03
0.0,DIESEL_3,Sun-03
0.0,DIESEL_4,Sun-03
0.0,GAS_1,Sun-03
0.0,GAS_2,Sun-03
165.0,GAS_3,Sun-03
86.6666666667,GAS_4,Sun-03
500.0,COAL_1,Sun-04
233.333333333,COAL_2,Sun-04
90.0,DIESEL_1,Sun-04
87.0,DIESEL_2,Sun-04
0.0,DIESEL_3,Sun-04
0.0,DIESEL_4,Sun-04
0.0,GAS_1,Sun-04
0.0,GAS_2,Sun-04
165.0,GAS_3,Sun-04
82.6666666667,GAS_4,Sun-04
500.0,COAL_1,Sun-05
233.333333333,COAL_2,Sun-05
90.0,DIESEL_1,Sun-05
87.0,DIESEL_2,Sun-05
0.0,DIESEL_3,Sun-05
0.0,DIESEL_4,Sun-05
0.0,GAS_1,Sun-05
0.0,GAS_2,Sun-05
165.0,GAS_3,Sun-05
84.6666666667,GAS_4,Sun-05
500.0,COAL_1,Sun-06
233.333333333,COAL_2,Sun-06
90.0,DIESEL_1,Sun-06
87.0,DIESEL_2,Sun-06
0.0,DIESEL_3,Sun-06
0.0,DIESEL_4,Sun-06
0.0,GAS_1,Sun-06
0.0,GAS_2,Sun-06
165.0,GAS_3,Sun-06
88.6666666667,GAS_4,Sun-06
500.0,COAL_1,Sun-07
233.333333333,COAL_2,Sun-07
90.0,DIESEL_1,Sun-07
87.0,DIESEL_2,Sun-07
0.0,DIESEL_3,Sun-07
0.0,DIESEL_4,Sun-07
0.0,GAS_1,Sun-07
0.0,GAS_2,Sun-07
165.0,GAS_3,Sun-07
84.6666666667,GAS_4,Sun-07
500.0,COAL_1,Sun-08
233.333333333,COAL_2,Sun-08
90.0,DIESEL_1,Sun-08
87.0,DIESEL_2,Sun-08
0.0,DIESEL_3,Sun-08
0.0,DIESEL_4,Sun-08
0.0,GAS_1,Sun-08
0.0,GAS_2,Sun-08
165.0,GAS_3,Sun-08
98.6666666667,GAS_4,Sun-08
500.0,COAL_1,Sun-09
233.333333333,COAL_2,Sun-09
90.0,DIESEL_1,Sun-09
87.0,DIESEL_2,Sun-09
0.0,DIESEL_3,Sun-09
0.0,DIESEL_4,Sun-09
0.0,GAS_1,Sun-09
0.0,GAS_2,Sun-09
165.0,GAS_3,Sun-09
115.666666667,GAS_4,Sun-09
500.0,COAL_1,Sun-10
233.333333333,COAL_2,Sun-10
90.0,DIESEL_1,Sun-10
87.0,DIESEL_2,Sun-10
0.0,DIESEL_3,Sun-10
0.0,DIESEL_4,Sun-10
0.0,GAS_1,Sun-10
0.0,GAS_2,Sun-10
165.0,GAS_3,Sun-10
129.666666667,GAS_4,Sun-10
500.0,COAL_1,Sun-11
233.333333333,COAL_2,Sun-11
90.0,DIESEL_1,Sun-11
87.0,DIESEL_2,Sun-11
0.0,DIESEL_3,Sun-11
0.0,DIESEL_4,Sun-11
0.0,GAS_1,Sun-11
0.0,GAS_2,Sun-11
165.0,GAS_3,Sun-11
144.666666667,GAS_4,Sun-11
500.0,COAL_1,Sun-12
233.333333333,COAL_2,Sun-12
90.0,DIESEL_1,Sun-12
87.0,DIESEL_2,Sun-12
0.0,DIESEL_3,Sun-12
0.0,DIESEL_4,Sun-12
0.0,GAS_1,Sun-12
0.0,GAS_2,Sun-12
165.0,GAS_3,Sun-12
151.666666667,GAS_4,Sun-12
500.0,COAL_1,Sun-13
233.333333333,COAL_2,Sun-13
90.0,DIESEL_1,Sun-13
87.0,DIESEL_2,Sun-13
0.0,DIESEL_3,Sun-13
0.0,DIESEL_4,Sun-13
0.0,GAS_1,Sun-13
0.0,GAS_2,Sun-13
165.0,GAS_3,Sun-13
156.666666667,GAS_4,Sun-13
500.0,COAL_1,Sun-14
235.0,COAL_2,Sun-14
90.0,DIESEL_1,Sun-14
87.0,DIESEL_2,Sun-14
0.0,DIESEL_3,Sun-14
0.0,DIESEL_4,Sun-14
0.0,GAS_1,Sun-14
0.0,GAS_2,Sun-14
165.0,GAS_3,Sun-14
158.0,GAS_4,Sun-14
500.0,COAL_1,Sun-15
235.0,COAL_2,Sun-15
90.0,DIESEL_1,Sun-15
87.0,DIESEL_2,Sun-15
0.0,DIESEL_3,Sun-15
0.0,DIESEL_4,Sun-15
0.0,GAS_1,Sun-15
0.0,GAS_2,Sun-15
165.0,GAS_3,Sun-15
158.0,GAS_4,Sun-15
500.0,COAL_1,Sun-16
233.333333333,COAL_2,Sun-16
90.0,DIESEL_1,Sun-16
87.0,DIESEL_2,Sun-16
0.0,DIESEL_3,Sun-16
0.0,DIESEL_4,Sun-16
0.0,GAS_1,Sun-16
0.0,GAS_2,Sun-16
165.0,GAS_3,Sun-16
157.666666667,GAS_4,Sun-16
500.0,COAL_1,Sun-17
233.333333333,COAL_2,Sun-17
90.0,DIESEL_1,Sun-17
87.0,DIESEL_2,Sun-17
0.0,DIESEL_3,Sun-17
0.0,DIESEL_4,Sun-17
0.0,GAS_1,Sun-17
0.0,GAS_2,Sun-17
165.0,GAS_3,Sun-17
154.666666667,GAS_4,Sun-17
500.0,COAL_1,Sun-18
233.333333333,COAL_2,Sun-18
90.0,DIESEL_1,Sun-18
87.0,DIESEL_2,Sun-18
0.0,DIESEL_3,Sun-18
0.0,DIESEL_4,Sun-18
0.0,GAS_1,Sun-18
0.0,GAS_2,Sun-18
165.0,GAS_3,Sun-18
141.666666667,GAS_4,Sun-18
500.0,COAL_1,Sun-19
233.333333333,COAL_2,Sun-19
90.0,DIESEL_1,Sun-19
87.0,DIESEL_2,Sun-19
0.0,DIESEL_3,Sun-19
0.0,DIESEL_4,Sun-19
0.0,GAS_1,Sun-19
0.0,GAS_2,Sun-19
165.0,GAS_3,Sun-19
129.666666667,GAS_4,Sun-19
500.0,COAL_1,Sun-20
233.333333333,COAL_2,Sun-20
90.0,DIESEL_1,Sun-20
87.0,DIESEL_2,Sun-20
0.0,DIESEL_3,Sun-20
0.0,DIESEL_4,Sun-20
0.0,GAS_1,Sun-20
0.0,GAS_2,Sun-20
165.0,GAS_3,Sun-20
131.666666667,GAS_4,Sun-20
500.0,COAL_1,Sun-21
233.333333333,COAL_2,Sun-21
90.0,DIESEL_1,Sun-21
87.0,DIESEL_2,Sun-21
0.0,DIESEL_3,Sun-21
0.0,DIESEL_4,Sun-21
0.0,GAS_1,Sun-21
0.0,GAS_2,Sun-21
165.0,GAS_3,Sun-21
139.666666667,GAS_4,Sun-21
500.0,COAL_1,Sun-22
233.333333333,COAL_2,Sun-22
90.0,DIESEL_1,Sun-22
87.0,DIESEL_2,Sun-22
0.0,DIESEL_3,Sun-22
0.0,DIESEL_4,Sun-22
0.0,GAS_1,Sun-22
0.0,GAS_2,Sun-22
165.0,GAS_3,Sun-22
135.666666667,GAS_4,Sun-22
500.0,COAL_1,Sun-23
233.333333333,COAL_2,Sun-23
90.0,DIESEL_1,Sun-23
87.0,DIESEL_2,Sun-23
0.0,DIESEL_3,Sun-23
0.0,DIESEL_4,Sun-23
0.0,GAS_1,Sun-23
0.0,GAS_2,Sun-23
165.0,GAS_3,Sun-23
131.666666667,GAS_4,Sun-23
