,id_of_Market,id_of_Month,id_of_Product,customerInventoryVar
0,Argentina,Feb-07,200S,0.0
1,Argentina,Feb-07,300S,0.0
2,Argentina,Feb-07,600S,79.0
3,Argentina,Feb-07,626S,102.0
4,Argentina,Feb-07,676RS,0.0
5,Argentina,Feb-07,676S,0.0
6,Argentina,Feb-07,900S,69.0
7,Argentina,Feb-07,929S,0.0
8,Argentina,Feb-07,996RS,109.0
9,Argentina,Feb-07,996S,0.0
10,Argentina,Feb-07,Bandit 1200,0.0
11,Argentina,Feb-07,Bandit 1200S,195.0
12,Argentina,Feb-07,Bandit 900,0.0
13,Argentina,Feb-07,Boulevard,0.0
14,Argentina,Feb-07,CRS550,0.0
15,Argentina,Feb-07,CRX500,83.0
16,Argentina,Feb-07,CRX600,0.0
17,Argentina,Feb-07,CRX650,121.0
18,Argentina,Feb-07,Enduro 350,143.0
19,Argentina,Feb-07,Enduro 450,0.0
20,Argentina,Feb-07,Enduro 550,58.0
21,Argentina,Feb-07,KingTwin,0.0
22,Argentina,Feb-07,MegaTwin,0.0
23,Argentina,Feb-07,RoadLiner,124.0
24,Argentina,Feb-07,RoadStar,102.0
25,Argentina,Feb-07,ST1200,0.0
26,Argentina,Feb-07,ST1200R,47.0
27,Argentina,Feb-07,ST900,151.0
28,Argentina,Feb-07,Victory,0.0
29,Argentina,Jan-07,200S,0.0
30,Argentina,Jan-07,300S,0.0
31,Argentina,Jan-07,600S,0.0
32,Argentina,Jan-07,626S,0.0
33,Argentina,Jan-07,676RS,0.0
34,Argentina,Jan-07,676S,0.0
35,Argentina,Jan-07,900S,0.0
36,Argentina,Jan-07,929S,0.0
37,Argentina,Jan-07,996RS,0.0
38,Argentina,Jan-07,996S,0.0
39,Argentina,Jan-07,Bandit 1200,0.0
40,Argentina,Jan-07,Bandit 1200S,0.0
41,Argentina,Jan-07,Bandit 900,0.0
42,Argentina,Jan-07,Boulevard,0.0
43,Argentina,Jan-07,CRS550,0.0
44,Argentina,Jan-07,CRX500,0.0
45,Argentina,Jan-07,CRX600,0.0
46,Argentina,Jan-07,CRX650,0.0
47,Argentina,Jan-07,Enduro 350,0.0
48,Argentina,Jan-07,Enduro 450,0.0
49,Argentina,Jan-07,Enduro 550,0.0
50,Argentina,Jan-07,KingTwin,0.0
51,Argentina,Jan-07,MegaTwin,0.0
52,Argentina,Jan-07,RoadLiner,0.0
53,Argentina,Jan-07,RoadStar,0.0
54,Argentina,Jan-07,ST1200,0.0
55,Argentina,Jan-07,ST1200R,0.0
56,Argentina,Jan-07,ST900,0.0
57,Argentina,Jan-07,Victory,0.0
58,Argentina,Mar-07,200S,0.0
59,Argentina,Mar-07,300S,0.0
60,Argentina,Mar-07,600S,0.0
61,Argentina,Mar-07,626S,0.0
62,Argentina,Mar-07,676RS,0.0
63,Argentina,Mar-07,676S,0.0
64,Argentina,Mar-07,900S,35.0
65,Argentina,Mar-07,929S,0.0
66,Argentina,Mar-07,996RS,55.0
67,Argentina,Mar-07,996S,105.0
68,Argentina,Mar-07,Bandit 1200,0.0
69,Argentina,Mar-07,Bandit 1200S,99.0
70,Argentina,Mar-07,Bandit 900,71.0
71,Argentina,Mar-07,Boulevard,39.0
72,Argentina,Mar-07,CRS550,0.0
73,Argentina,Mar-07,CRX500,0.0
74,Argentina,Mar-07,CRX600,42.0
75,Argentina,Mar-07,CRX650,63.0
76,Argentina,Mar-07,Enduro 350,73.0
77,Argentina,Mar-07,Enduro 450,0.0
78,Argentina,Mar-07,Enduro 550,0.0
79,Argentina,Mar-07,KingTwin,0.0
80,Argentina,Mar-07,MegaTwin,97.0
81,Argentina,Mar-07,RoadLiner,63.0
82,Argentina,Mar-07,RoadStar,0.0
83,Argentina,Mar-07,ST1200,91.0
84,Argentina,Mar-07,ST1200R,0.0
85,Argentina,Mar-07,ST900,72.0
86,Argentina,Mar-07,Victory,21.0
87,Brazil,Feb-07,200S,88.0
88,Brazil,Feb-07,300S,113.0
89,Brazil,Feb-07,600S,142.0
90,Brazil,Feb-07,626S,0.0
91,Brazil,Feb-07,676RS,0.0
92,Brazil,Feb-07,676S,0.0
93,Brazil,Feb-07,900S,0.0
94,Brazil,Feb-07,929S,10.0
95,Brazil,Feb-07,996RS,0.0
96,Brazil,Feb-07,996S,8.0
97,Brazil,Feb-07,Bandit 1200,0.0
98,Brazil,Feb-07,Bandit 1200S,70.0
99,Brazil,Feb-07,Bandit 900,111.0
100,Brazil,Feb-07,Boulevard,0.0
101,Brazil,Feb-07,CRS550,222.0
102,Brazil,Feb-07,CRX500,70.0
103,Brazil,Feb-07,CRX600,215.0
104,Brazil,Feb-07,CRX650,107.0
105,Brazil,Feb-07,Enduro 350,50.0
106,Brazil,Feb-07,Enduro 450,0.0
107,Brazil,Feb-07,Enduro 550,36.0
108,Brazil,Feb-07,KingTwin,0.0
109,Brazil,Feb-07,MegaTwin,0.0
110,Brazil,Feb-07,RoadLiner,0.0
111,Brazil,Feb-07,RoadStar,0.0
112,Brazil,Feb-07,ST1200,113.0
113,Brazil,Feb-07,ST1200R,14.0
114,Brazil,Feb-07,ST900,37.0
115,Brazil,Feb-07,Victory,134.0
116,Brazil,Jan-07,200S,0.0
117,Brazil,Jan-07,300S,0.0
118,Brazil,Jan-07,600S,0.0
119,Brazil,Jan-07,626S,0.0
120,Brazil,Jan-07,676RS,0.0
121,Brazil,Jan-07,676S,0.0
122,Brazil,Jan-07,900S,0.0
123,Brazil,Jan-07,929S,0.0
124,Brazil,Jan-07,996RS,0.0
125,Brazil,Jan-07,996S,0.0
126,Brazil,Jan-07,Bandit 1200,0.0
127,Brazil,Jan-07,Bandit 1200S,0.0
128,Brazil,Jan-07,Bandit 900,0.0
129,Brazil,Jan-07,Boulevard,0.0
130,Brazil,Jan-07,CRS550,0.0
131,Brazil,Jan-07,CRX500,0.0
132,Brazil,Jan-07,CRX600,0.0
133,Brazil,Jan-07,CRX650,0.0
134,Brazil,Jan-07,Enduro 350,0.0
135,Brazil,Jan-07,Enduro 450,0.0
136,Brazil,Jan-07,Enduro 550,0.0
137,Brazil,Jan-07,KingTwin,0.0
138,Brazil,Jan-07,MegaTwin,0.0
139,Brazil,Jan-07,RoadLiner,0.0
140,Brazil,Jan-07,RoadStar,0.0
141,Brazil,Jan-07,ST1200,0.0
142,Brazil,Jan-07,ST1200R,0.0
143,Brazil,Jan-07,ST900,0.0
144,Brazil,Jan-07,Victory,0.0
145,Brazil,Mar-07,200S,0.0
146,Brazil,Mar-07,300S,55.0
147,Brazil,Mar-07,600S,72.0
148,Brazil,Mar-07,626S,22.0
149,Brazil,Mar-07,676RS,59.0
150,Brazil,Mar-07,676S,11.0
151,Brazil,Mar-07,900S,43.0
152,Brazil,Mar-07,929S,0.0
153,Brazil,Mar-07,996RS,0.0
154,Brazil,Mar-07,996S,0.0
155,Brazil,Mar-07,Bandit 1200,68.0
156,Brazil,Mar-07,Bandit 1200S,34.0
157,Brazil,Mar-07,Bandit 900,0.0
158,Brazil,Mar-07,Boulevard,9.0
159,Brazil,Mar-07,CRS550,110.0
160,Brazil,Mar-07,CRX500,0.0
161,Brazil,Mar-07,CRX600,105.0
162,Brazil,Mar-07,CRX650,0.0
163,Brazil,Mar-07,Enduro 350,21.0
164,Brazil,Mar-07,Enduro 450,0.0
165,Brazil,Mar-07,Enduro 550,18.0
166,Brazil,Mar-07,KingTwin,29.0
167,Brazil,Mar-07,MegaTwin,77.0
168,Brazil,Mar-07,RoadLiner,103.0
169,Brazil,Mar-07,RoadStar,79.0
170,Brazil,Mar-07,ST1200,53.0
171,Brazil,Mar-07,ST1200R,0.0
172,Brazil,Mar-07,ST900,20.0
173,Brazil,Mar-07,Victory,69.0
174,Canada,Feb-07,200S,193.0
175,Canada,Feb-07,300S,0.0
176,Canada,Feb-07,600S,0.0
177,Canada,Feb-07,626S,0.0
178,Canada,Feb-07,676RS,0.0
179,Canada,Feb-07,676S,20.0
180,Canada,Feb-07,900S,0.0
181,Canada,Feb-07,929S,85.0
182,Canada,Feb-07,996RS,0.0
183,Canada,Feb-07,996S,181.0
184,Canada,Feb-07,Bandit 1200,0.0
185,Canada,Feb-07,Bandit 1200S,0.0
186,Canada,Feb-07,Bandit 900,0.0
187,Canada,Feb-07,Boulevard,107.0
188,Canada,Feb-07,CRS550,0.0
189,Canada,Feb-07,CRX500,51.0
190,Canada,Feb-07,CRX600,10.0
191,Canada,Feb-07,CRX650,65.0
192,Canada,Feb-07,Enduro 350,9.0
193,Canada,Feb-07,Enduro 450,0.0
194,Canada,Feb-07,Enduro 550,0.0
195,Canada,Feb-07,KingTwin,0.0
196,Canada,Feb-07,MegaTwin,69.0
197,Canada,Feb-07,RoadLiner,0.0
198,Canada,Feb-07,RoadStar,0.0
199,Canada,Feb-07,ST1200,0.0
200,Canada,Feb-07,ST1200R,0.0
201,Canada,Feb-07,ST900,7.0
202,Canada,Feb-07,Victory,87.0
203,Canada,Jan-07,200S,0.0
204,Canada,Jan-07,300S,0.0
205,Canada,Jan-07,600S,0.0
206,Canada,Jan-07,626S,0.0
207,Canada,Jan-07,676RS,0.0
208,Canada,Jan-07,676S,0.0
209,Canada,Jan-07,900S,0.0
210,Canada,Jan-07,929S,0.0
211,Canada,Jan-07,996RS,0.0
212,Canada,Jan-07,996S,0.0
213,Canada,Jan-07,Bandit 1200,0.0
214,Canada,Jan-07,Bandit 1200S,0.0
215,Canada,Jan-07,Bandit 900,0.0
216,Canada,Jan-07,Boulevard,0.0
217,Canada,Jan-07,CRS550,0.0
218,Canada,Jan-07,CRX500,0.0
219,Canada,Jan-07,CRX600,0.0
220,Canada,Jan-07,CRX650,0.0
221,Canada,Jan-07,Enduro 350,0.0
222,Canada,Jan-07,Enduro 450,0.0
223,Canada,Jan-07,Enduro 550,0.0
224,Canada,Jan-07,KingTwin,0.0
225,Canada,Jan-07,MegaTwin,0.0
226,Canada,Jan-07,RoadLiner,0.0
227,Canada,Jan-07,RoadStar,0.0
228,Canada,Jan-07,ST1200,0.0
229,Canada,Jan-07,ST1200R,0.0
230,Canada,Jan-07,ST900,0.0
231,Canada,Jan-07,Victory,0.0
232,Canada,Mar-07,200S,97.0
233,Canada,Mar-07,300S,0.0
234,Canada,Mar-07,600S,78.0
235,Canada,Mar-07,626S,55.0
236,Canada,Mar-07,676RS,16.0
237,Canada,Mar-07,676S,0.0
238,Canada,Mar-07,900S,102.0
239,Canada,Mar-07,929S,45.0
240,Canada,Mar-07,996RS,0.0
241,Canada,Mar-07,996S,90.0
242,Canada,Mar-07,Bandit 1200,67.0
243,Canada,Mar-07,Bandit 1200S,0.0
244,Canada,Mar-07,Bandit 900,64.0
245,Canada,Mar-07,Boulevard,53.0
246,Canada,Mar-07,CRS550,78.0
247,Canada,Mar-07,CRX500,22.0
248,Canada,Mar-07,CRX600,7.0
249,Canada,Mar-07,CRX650,0.0
250,Canada,Mar-07,Enduro 350,5.0
251,Canada,Mar-07,Enduro 450,28.0
252,Canada,Mar-07,Enduro 550,66.0
253,Canada,Mar-07,KingTwin,0.0
254,Canada,Mar-07,MegaTwin,34.0
255,Canada,Mar-07,RoadLiner,79.0
256,Canada,Mar-07,RoadStar,0.0
257,Canada,Mar-07,ST1200,0.0
258,Canada,Mar-07,ST1200R,77.0
259,Canada,Mar-07,ST900,0.0
260,Canada,Mar-07,Victory,0.0
261,China,Feb-07,200S,82.0
262,China,Feb-07,300S,66.0
263,China,Feb-07,600S,206.0
264,China,Feb-07,626S,149.0
265,China,Feb-07,676RS,76.0
266,China,Feb-07,676S,0.0
267,China,Feb-07,900S,28.0
268,China,Feb-07,929S,138.0
269,China,Feb-07,996RS,0.0
270,China,Feb-07,996S,199.0
271,China,Feb-07,Bandit 1200,206.0
272,China,Feb-07,Bandit 1200S,89.0
273,China,Feb-07,Bandit 900,0.0
274,China,Feb-07,Boulevard,93.0
275,China,Feb-07,CRS550,0.0
276,China,Feb-07,CRX500,0.0
277,China,Feb-07,CRX600,0.0
278,China,Feb-07,CRX650,91.0
279,China,Feb-07,Enduro 350,0.0
280,China,Feb-07,Enduro 450,111.0
281,China,Feb-07,Enduro 550,0.0
282,China,Feb-07,KingTwin,80.0
283,China,Feb-07,MegaTwin,0.0
284,China,Feb-07,RoadLiner,124.0
285,China,Feb-07,RoadStar,0.0
286,China,Feb-07,ST1200,200.0
287,China,Feb-07,ST1200R,0.0
288,China,Feb-07,ST900,0.0
289,China,Feb-07,Victory,0.0
290,China,Jan-07,200S,0.0
291,China,Jan-07,300S,0.0
292,China,Jan-07,600S,0.0
293,China,Jan-07,626S,0.0
294,China,Jan-07,676RS,0.0
295,China,Jan-07,676S,0.0
296,China,Jan-07,900S,0.0
297,China,Jan-07,929S,0.0
298,China,Jan-07,996RS,0.0
299,China,Jan-07,996S,0.0
300,China,Jan-07,Bandit 1200,0.0
301,China,Jan-07,Bandit 1200S,0.0
302,China,Jan-07,Bandit 900,0.0
303,China,Jan-07,Boulevard,0.0
304,China,Jan-07,CRS550,0.0
305,China,Jan-07,CRX500,0.0
306,China,Jan-07,CRX600,0.0
307,China,Jan-07,CRX650,0.0
308,China,Jan-07,Enduro 350,0.0
309,China,Jan-07,Enduro 450,0.0
310,China,Jan-07,Enduro 550,0.0
311,China,Jan-07,KingTwin,0.0
312,China,Jan-07,MegaTwin,0.0
313,China,Jan-07,RoadLiner,0.0
314,China,Jan-07,RoadStar,0.0
315,China,Jan-07,ST1200,0.0
316,China,Jan-07,ST1200R,0.0
317,China,Jan-07,ST900,0.0
318,China,Jan-07,Victory,0.0
319,China,Mar-07,200S,0.0
320,China,Mar-07,300S,29.0
321,China,Mar-07,600S,104.0
322,China,Mar-07,626S,78.0
323,China,Mar-07,676RS,39.0
324,China,Mar-07,676S,0.0
325,China,Mar-07,900S,16.0
326,China,Mar-07,929S,71.0
327,China,Mar-07,996RS,0.0
328,China,Mar-07,996S,98.0
329,China,Mar-07,Bandit 1200,102.0
330,China,Mar-07,Bandit 1200S,0.0
331,China,Mar-07,Bandit 900,0.0
332,China,Mar-07,Boulevard,0.0
333,China,Mar-07,CRS550,26.0
334,China,Mar-07,CRX500,0.0
335,China,Mar-07,CRX600,0.0
336,China,Mar-07,CRX650,50.0
337,China,Mar-07,Enduro 350,0.0
338,China,Mar-07,Enduro 450,55.0
339,China,Mar-07,Enduro 550,109.0
340,China,Mar-07,KingTwin,0.0
341,China,Mar-07,MegaTwin,0.0
342,China,Mar-07,RoadLiner,64.0
343,China,Mar-07,RoadStar,0.0
344,China,Mar-07,ST1200,100.0
345,China,Mar-07,ST1200R,85.0
346,China,Mar-07,ST900,0.0
347,China,Mar-07,Victory,0.0
348,France,Feb-07,200S,79.0
349,France,Feb-07,300S,0.0
350,France,Feb-07,600S,234.0
351,France,Feb-07,626S,0.0
352,France,Feb-07,676RS,39.0
353,France,Feb-07,676S,88.0
354,France,Feb-07,900S,81.0
355,France,Feb-07,929S,0.0
356,France,Feb-07,996RS,0.0
357,France,Feb-07,996S,0.0
358,France,Feb-07,Bandit 1200,0.0
359,France,Feb-07,Bandit 1200S,0.0
360,France,Feb-07,Bandit 900,103.0
361,France,Feb-07,Boulevard,0.0
362,France,Feb-07,CRS550,0.0
363,France,Feb-07,CRX500,0.0
364,France,Feb-07,CRX600,108.0
365,France,Feb-07,CRX650,55.0
366,France,Feb-07,Enduro 350,208.0
367,France,Feb-07,Enduro 450,0.0
368,France,Feb-07,Enduro 550,0.0
369,France,Feb-07,KingTwin,203.0
370,France,Feb-07,MegaTwin,0.0
371,France,Feb-07,RoadLiner,0.0
372,France,Feb-07,RoadStar,179.0
373,France,Feb-07,ST1200,0.0
374,France,Feb-07,ST1200R,68.0
375,France,Feb-07,ST900,0.0
376,France,Feb-07,Victory,53.0
377,France,Jan-07,200S,0.0
378,France,Jan-07,300S,0.0
379,France,Jan-07,600S,0.0
380,France,Jan-07,626S,0.0
381,France,Jan-07,676RS,0.0
382,France,Jan-07,676S,0.0
383,France,Jan-07,900S,0.0
384,France,Jan-07,929S,0.0
385,France,Jan-07,996RS,0.0
386,France,Jan-07,996S,0.0
387,France,Jan-07,Bandit 1200,0.0
388,France,Jan-07,Bandit 1200S,0.0
389,France,Jan-07,Bandit 900,0.0
390,France,Jan-07,Boulevard,0.0
391,France,Jan-07,CRS550,0.0
392,France,Jan-07,CRX500,0.0
393,France,Jan-07,CRX600,0.0
394,France,Jan-07,CRX650,0.0
395,France,Jan-07,Enduro 350,0.0
396,France,Jan-07,Enduro 450,0.0
397,France,Jan-07,Enduro 550,0.0
398,France,Jan-07,KingTwin,0.0
399,France,Jan-07,MegaTwin,0.0
400,France,Jan-07,RoadLiner,0.0
401,France,Jan-07,RoadStar,0.0
402,France,Jan-07,ST1200,0.0
403,France,Jan-07,ST1200R,0.0
404,France,Jan-07,ST900,0.0
405,France,Jan-07,Victory,0.0
406,France,Mar-07,200S,0.0
407,France,Mar-07,300S,105.0
408,France,Mar-07,600S,115.0
409,France,Mar-07,626S,25.0
410,France,Mar-07,676RS,0.0
411,France,Mar-07,676S,0.0
412,France,Mar-07,900S,44.0
413,France,Mar-07,929S,110.0
414,France,Mar-07,996RS,0.0
415,France,Mar-07,996S,60.0
416,France,Mar-07,Bandit 1200,26.0
417,France,Mar-07,Bandit 1200S,0.0
418,France,Mar-07,Bandit 900,0.0
419,France,Mar-07,Boulevard,33.0
420,France,Mar-07,CRS550,0.0
421,France,Mar-07,CRX500,0.0
422,France,Mar-07,CRX600,56.0
423,France,Mar-07,CRX650,0.0
424,France,Mar-07,Enduro 350,102.0
425,France,Mar-07,Enduro 450,0.0
426,France,Mar-07,Enduro 550,39.0
427,France,Mar-07,KingTwin,102.0
428,France,Mar-07,MegaTwin,0.0
429,France,Mar-07,RoadLiner,58.0
430,France,Mar-07,RoadStar,90.0
431,France,Mar-07,ST1200,0.0
432,France,Mar-07,ST1200R,0.0
433,France,Mar-07,ST900,0.0
434,France,Mar-07,Victory,0.0
435,Germany,Feb-07,200S,0.0
436,Germany,Feb-07,300S,0.0
437,Germany,Feb-07,600S,113.0
438,Germany,Feb-07,626S,0.0
439,Germany,Feb-07,676RS,54.0
440,Germany,Feb-07,676S,0.0
441,Germany,Feb-07,900S,74.0
442,Germany,Feb-07,929S,41.0
443,Germany,Feb-07,996RS,0.0
444,Germany,Feb-07,996S,0.0
445,Germany,Feb-07,Bandit 1200,58.0
446,Germany,Feb-07,Bandit 1200S,0.0
447,Germany,Feb-07,Bandit 900,55.0
448,Germany,Feb-07,Boulevard,0.0
449,Germany,Feb-07,CRS550,0.0
450,Germany,Feb-07,CRX500,111.0
451,Germany,Feb-07,CRX600,22.0
452,Germany,Feb-07,CRX650,42.0
453,Germany,Feb-07,Enduro 350,0.0
454,Germany,Feb-07,Enduro 450,0.0
455,Germany,Feb-07,Enduro 550,91.0
456,Germany,Feb-07,KingTwin,116.0
457,Germany,Feb-07,MegaTwin,63.0
458,Germany,Feb-07,RoadLiner,136.0
459,Germany,Feb-07,RoadStar,0.0
460,Germany,Feb-07,ST1200,23.0
461,Germany,Feb-07,ST1200R,0.0
462,Germany,Feb-07,ST900,46.0
463,Germany,Feb-07,Victory,0.0
464,Germany,Jan-07,200S,0.0
465,Germany,Jan-07,300S,0.0
466,Germany,Jan-07,600S,0.0
467,Germany,Jan-07,626S,0.0
468,Germany,Jan-07,676RS,0.0
469,Germany,Jan-07,676S,0.0
470,Germany,Jan-07,900S,0.0
471,Germany,Jan-07,929S,0.0
472,Germany,Jan-07,996RS,0.0
473,Germany,Jan-07,996S,0.0
474,Germany,Jan-07,Bandit 1200,0.0
475,Germany,Jan-07,Bandit 1200S,0.0
476,Germany,Jan-07,Bandit 900,0.0
477,Germany,Jan-07,Boulevard,0.0
478,Germany,Jan-07,CRS550,0.0
479,Germany,Jan-07,CRX500,0.0
480,Germany,Jan-07,CRX600,0.0
481,Germany,Jan-07,CRX650,0.0
482,Germany,Jan-07,Enduro 350,0.0
483,Germany,Jan-07,Enduro 450,0.0
484,Germany,Jan-07,Enduro 550,0.0
485,Germany,Jan-07,KingTwin,0.0
486,Germany,Jan-07,MegaTwin,0.0
487,Germany,Jan-07,RoadLiner,0.0
488,Germany,Jan-07,RoadStar,0.0
489,Germany,Jan-07,ST1200,0.0
490,Germany,Jan-07,ST1200R,0.0
491,Germany,Jan-07,ST900,0.0
492,Germany,Jan-07,Victory,0.0
493,Germany,Mar-07,200S,22.0
494,Germany,Mar-07,300S,0.0
495,Germany,Mar-07,600S,0.0
496,Germany,Mar-07,626S,24.0
497,Germany,Mar-07,676RS,0.0
498,Germany,Mar-07,676S,126.0
499,Germany,Mar-07,900S,39.0
500,Germany,Mar-07,929S,20.0
501,Germany,Mar-07,996RS,0.0
502,Germany,Mar-07,996S,0.0
503,Germany,Mar-07,Bandit 1200,0.0
504,Germany,Mar-07,Bandit 1200S,53.0
505,Germany,Mar-07,Bandit 900,27.0
506,Germany,Mar-07,Boulevard,0.0
507,Germany,Mar-07,CRS550,62.0
508,Germany,Mar-07,CRX500,54.0
509,Germany,Mar-07,CRX600,0.0
510,Germany,Mar-07,CRX650,0.0
511,Germany,Mar-07,Enduro 350,13.0
512,Germany,Mar-07,Enduro 450,0.0
513,Germany,Mar-07,Enduro 550,0.0
514,Germany,Mar-07,KingTwin,0.0
515,Germany,Mar-07,MegaTwin,30.0
516,Germany,Mar-07,RoadLiner,69.0
517,Germany,Mar-07,RoadStar,0.0
518,Germany,Mar-07,ST1200,0.0
519,Germany,Mar-07,ST1200R,27.0
520,Germany,Mar-07,ST900,0.0
521,Germany,Mar-07,Victory,0.0
522,Italy,Feb-07,200S,0.0
523,Italy,Feb-07,300S,9.0
524,Italy,Feb-07,600S,83.0
525,Italy,Feb-07,626S,0.0
526,Italy,Feb-07,676RS,0.0
527,Italy,Feb-07,676S,235.0
528,Italy,Feb-07,900S,0.0
529,Italy,Feb-07,929S,45.0
530,Italy,Feb-07,996RS,0.0
531,Italy,Feb-07,996S,0.0
532,Italy,Feb-07,Bandit 1200,34.0
533,Italy,Feb-07,Bandit 1200S,0.0
534,Italy,Feb-07,Bandit 900,104.0
535,Italy,Feb-07,Boulevard,0.0
536,Italy,Feb-07,CRS550,62.0
537,Italy,Feb-07,CRX500,0.0
538,Italy,Feb-07,CRX600,0.0
539,Italy,Feb-07,CRX650,0.0
540,Italy,Feb-07,Enduro 350,18.0
541,Italy,Feb-07,Enduro 450,82.0
542,Italy,Feb-07,Enduro 550,205.0
543,Italy,Feb-07,KingTwin,65.0
544,Italy,Feb-07,MegaTwin,0.0
545,Italy,Feb-07,RoadLiner,0.0
546,Italy,Feb-07,RoadStar,0.0
547,Italy,Feb-07,ST1200,66.0
548,Italy,Feb-07,ST1200R,0.0
549,Italy,Feb-07,ST900,0.0
550,Italy,Feb-07,Victory,0.0
551,Italy,Jan-07,200S,0.0
552,Italy,Jan-07,300S,0.0
553,Italy,Jan-07,600S,0.0
554,Italy,Jan-07,626S,0.0
555,Italy,Jan-07,676RS,0.0
556,Italy,Jan-07,676S,0.0
557,Italy,Jan-07,900S,0.0
558,Italy,Jan-07,929S,0.0
559,Italy,Jan-07,996RS,0.0
560,Italy,Jan-07,996S,0.0
561,Italy,Jan-07,Bandit 1200,0.0
562,Italy,Jan-07,Bandit 1200S,0.0
563,Italy,Jan-07,Bandit 900,0.0
564,Italy,Jan-07,Boulevard,0.0
565,Italy,Jan-07,CRS550,0.0
566,Italy,Jan-07,CRX500,0.0
567,Italy,Jan-07,CRX600,0.0
568,Italy,Jan-07,CRX650,0.0
569,Italy,Jan-07,Enduro 350,0.0
570,Italy,Jan-07,Enduro 450,0.0
571,Italy,Jan-07,Enduro 550,0.0
572,Italy,Jan-07,KingTwin,0.0
573,Italy,Jan-07,MegaTwin,0.0
574,Italy,Jan-07,RoadLiner,0.0
575,Italy,Jan-07,RoadStar,0.0
576,Italy,Jan-07,ST1200,0.0
577,Italy,Jan-07,ST1200R,0.0
578,Italy,Jan-07,ST900,0.0
579,Italy,Jan-07,Victory,0.0
580,Italy,Mar-07,200S,0.0
581,Italy,Mar-07,300S,0.0
582,Italy,Mar-07,600S,0.0
583,Italy,Mar-07,626S,0.0
584,Italy,Mar-07,676RS,34.0
585,Italy,Mar-07,676S,120.0
586,Italy,Mar-07,900S,0.0
587,Italy,Mar-07,929S,0.0
588,Italy,Mar-07,996RS,76.0
589,Italy,Mar-07,996S,28.0
590,Italy,Mar-07,Bandit 1200,0.0
591,Italy,Mar-07,Bandit 1200S,0.0
592,Italy,Mar-07,Bandit 900,0.0
593,Italy,Mar-07,Boulevard,0.0
594,Italy,Mar-07,CRS550,0.0
595,Italy,Mar-07,CRX500,100.0
596,Italy,Mar-07,CRX600,0.0
597,Italy,Mar-07,CRX650,0.0
598,Italy,Mar-07,Enduro 350,5.0
599,Italy,Mar-07,Enduro 450,41.0
600,Italy,Mar-07,Enduro 550,106.0
601,Italy,Mar-07,KingTwin,0.0
602,Italy,Mar-07,MegaTwin,0.0
603,Italy,Mar-07,RoadLiner,45.0
604,Italy,Mar-07,RoadStar,106.0
605,Italy,Mar-07,ST1200,0.0
606,Italy,Mar-07,ST1200R,6.0
607,Italy,Mar-07,ST900,0.0
608,Italy,Mar-07,Victory,88.0
609,Japan,Feb-07,200S,63.0
610,Japan,Feb-07,300S,19.0
611,Japan,Feb-07,600S,0.0
612,Japan,Feb-07,626S,85.0
613,Japan,Feb-07,676RS,0.0
614,Japan,Feb-07,676S,56.0
615,Japan,Feb-07,900S,0.0
616,Japan,Feb-07,929S,0.0
617,Japan,Feb-07,996RS,0.0
618,Japan,Feb-07,996S,0.0
619,Japan,Feb-07,Bandit 1200,0.0
620,Japan,Feb-07,Bandit 1200S,0.0
621,Japan,Feb-07,Bandit 900,61.0
622,Japan,Feb-07,Boulevard,0.0
623,Japan,Feb-07,CRS550,0.0
624,Japan,Feb-07,CRX500,87.0
625,Japan,Feb-07,CRX600,77.0
626,Japan,Feb-07,CRX650,0.0
627,Japan,Feb-07,Enduro 350,0.0
628,Japan,Feb-07,Enduro 450,139.0
629,Japan,Feb-07,Enduro 550,0.0
630,Japan,Feb-07,KingTwin,49.0
631,Japan,Feb-07,MegaTwin,61.0
632,Japan,Feb-07,RoadLiner,0.0
633,Japan,Feb-07,RoadStar,74.0
634,Japan,Feb-07,ST1200,206.0
635,Japan,Feb-07,ST1200R,99.0
636,Japan,Feb-07,ST900,48.0
637,Japan,Feb-07,Victory,0.0
638,Japan,Jan-07,200S,0.0
639,Japan,Jan-07,300S,0.0
640,Japan,Jan-07,600S,0.0
641,Japan,Jan-07,626S,0.0
642,Japan,Jan-07,676RS,0.0
643,Japan,Jan-07,676S,0.0
644,Japan,Jan-07,900S,0.0
645,Japan,Jan-07,929S,0.0
646,Japan,Jan-07,996RS,0.0
647,Japan,Jan-07,996S,0.0
648,Japan,Jan-07,Bandit 1200,0.0
649,Japan,Jan-07,Bandit 1200S,0.0
650,Japan,Jan-07,Bandit 900,0.0
651,Japan,Jan-07,Boulevard,0.0
652,Japan,Jan-07,CRS550,0.0
653,Japan,Jan-07,CRX500,0.0
654,Japan,Jan-07,CRX600,0.0
655,Japan,Jan-07,CRX650,0.0
656,Japan,Jan-07,Enduro 350,0.0
657,Japan,Jan-07,Enduro 450,0.0
658,Japan,Jan-07,Enduro 550,0.0
659,Japan,Jan-07,KingTwin,0.0
660,Japan,Jan-07,MegaTwin,0.0
661,Japan,Jan-07,RoadLiner,0.0
662,Japan,Jan-07,RoadStar,0.0
663,Japan,Jan-07,ST1200,0.0
664,Japan,Jan-07,ST1200R,0.0
665,Japan,Jan-07,ST900,0.0
666,Japan,Jan-07,Victory,0.0
667,Japan,Mar-07,200S,0.0
668,Japan,Mar-07,300S,12.0
669,Japan,Mar-07,600S,0.0
670,Japan,Mar-07,626S,0.0
671,Japan,Mar-07,676RS,70.0
672,Japan,Mar-07,676S,0.0
673,Japan,Mar-07,900S,0.0
674,Japan,Mar-07,929S,0.0
675,Japan,Mar-07,996RS,0.0
676,Japan,Mar-07,996S,0.0
677,Japan,Mar-07,Bandit 1200,0.0
678,Japan,Mar-07,Bandit 1200S,0.0
679,Japan,Mar-07,Bandit 900,0.0
680,Japan,Mar-07,Boulevard,74.0
681,Japan,Mar-07,CRS550,15.0
682,Japan,Mar-07,CRX500,0.0
683,Japan,Mar-07,CRX600,0.0
684,Japan,Mar-07,CRX650,93.0
685,Japan,Mar-07,Enduro 350,0.0
686,Japan,Mar-07,Enduro 450,68.0
687,Japan,Mar-07,Enduro 550,85.0
688,Japan,Mar-07,KingTwin,0.0
689,Japan,Mar-07,MegaTwin,0.0
690,Japan,Mar-07,RoadLiner,0.0
691,Japan,Mar-07,RoadStar,0.0
692,Japan,Mar-07,ST1200,107.0
693,Japan,Mar-07,ST1200R,52.0
694,Japan,Mar-07,ST900,0.0
695,Japan,Mar-07,Victory,18.0
696,Spain,Feb-07,200S,0.0
697,Spain,Feb-07,300S,18.0
698,Spain,Feb-07,600S,0.0
699,Spain,Feb-07,626S,33.0
700,Spain,Feb-07,676RS,0.0
701,Spain,Feb-07,676S,92.0
702,Spain,Feb-07,900S,0.0
703,Spain,Feb-07,929S,191.0
704,Spain,Feb-07,996RS,148.0
705,Spain,Feb-07,996S,185.0
706,Spain,Feb-07,Bandit 1200,0.0
707,Spain,Feb-07,Bandit 1200S,0.0
708,Spain,Feb-07,Bandit 900,47.0
709,Spain,Feb-07,Boulevard,0.0
710,Spain,Feb-07,CRS550,66.0
711,Spain,Feb-07,CRX500,57.0
712,Spain,Feb-07,CRX600,0.0
713,Spain,Feb-07,CRX650,0.0
714,Spain,Feb-07,Enduro 350,188.0
715,Spain,Feb-07,Enduro 450,84.0
716,Spain,Feb-07,Enduro 550,128.0
717,Spain,Feb-07,KingTwin,0.0
718,Spain,Feb-07,MegaTwin,63.0
719,Spain,Feb-07,RoadLiner,72.0
720,Spain,Feb-07,RoadStar,79.0
721,Spain,Feb-07,ST1200,0.0
722,Spain,Feb-07,ST1200R,54.0
723,Spain,Feb-07,ST900,42.0
724,Spain,Feb-07,Victory,0.0
725,Spain,Jan-07,200S,0.0
726,Spain,Jan-07,300S,0.0
727,Spain,Jan-07,600S,0.0
728,Spain,Jan-07,626S,0.0
729,Spain,Jan-07,676RS,0.0
730,Spain,Jan-07,676S,0.0
731,Spain,Jan-07,900S,0.0
732,Spain,Jan-07,929S,0.0
733,Spain,Jan-07,996RS,0.0
734,Spain,Jan-07,996S,0.0
735,Spain,Jan-07,Bandit 1200,0.0
736,Spain,Jan-07,Bandit 1200S,0.0
737,Spain,Jan-07,Bandit 900,0.0
738,Spain,Jan-07,Boulevard,0.0
739,Spain,Jan-07,CRS550,0.0
740,Spain,Jan-07,CRX500,0.0
741,Spain,Jan-07,CRX600,0.0
742,Spain,Jan-07,CRX650,0.0
743,Spain,Jan-07,Enduro 350,0.0
744,Spain,Jan-07,Enduro 450,0.0
745,Spain,Jan-07,Enduro 550,0.0
746,Spain,Jan-07,KingTwin,0.0
747,Spain,Jan-07,MegaTwin,0.0
748,Spain,Jan-07,RoadLiner,0.0
749,Spain,Jan-07,RoadStar,0.0
750,Spain,Jan-07,ST1200,0.0
751,Spain,Jan-07,ST1200R,0.0
752,Spain,Jan-07,ST900,0.0
753,Spain,Jan-07,Victory,0.0
754,Spain,Mar-07,200S,0.0
755,Spain,Mar-07,300S,0.0
756,Spain,Mar-07,600S,0.0
757,Spain,Mar-07,626S,12.0
758,Spain,Mar-07,676RS,59.0
759,Spain,Mar-07,676S,47.0
760,Spain,Mar-07,900S,60.0
761,Spain,Mar-07,929S,92.0
762,Spain,Mar-07,996RS,73.0
763,Spain,Mar-07,996S,98.0
764,Spain,Mar-07,Bandit 1200,111.0
765,Spain,Mar-07,Bandit 1200S,0.0
766,Spain,Mar-07,Bandit 900,0.0
767,Spain,Mar-07,Boulevard,0.0
768,Spain,Mar-07,CRS550,0.0
769,Spain,Mar-07,CRX500,0.0
770,Spain,Mar-07,CRX600,0.0
771,Spain,Mar-07,CRX650,98.0
772,Spain,Mar-07,Enduro 350,93.0
773,Spain,Mar-07,Enduro 450,44.0
774,Spain,Mar-07,Enduro 550,65.0
775,Spain,Mar-07,KingTwin,95.0
776,Spain,Mar-07,MegaTwin,32.0
777,Spain,Mar-07,RoadLiner,0.0
778,Spain,Mar-07,RoadStar,0.0
779,Spain,Mar-07,ST1200,95.0
780,Spain,Mar-07,ST1200R,0.0
781,Spain,Mar-07,ST900,0.0
782,Spain,Mar-07,Victory,0.0
783,UK,Feb-07,200S,73.0
784,UK,Feb-07,300S,60.0
785,UK,Feb-07,600S,60.0
786,UK,Feb-07,626S,57.0
787,UK,Feb-07,676RS,0.0
788,UK,Feb-07,676S,27.0
789,UK,Feb-07,900S,0.0
790,UK,Feb-07,929S,0.0
791,UK,Feb-07,996RS,63.0
792,UK,Feb-07,996S,0.0
793,UK,Feb-07,Bandit 1200,0.0
794,UK,Feb-07,Bandit 1200S,63.0
795,UK,Feb-07,Bandit 900,112.0
796,UK,Feb-07,Boulevard,38.0
797,UK,Feb-07,CRS550,218.0
798,UK,Feb-07,CRX500,0.0
799,UK,Feb-07,CRX600,40.0
800,UK,Feb-07,CRX650,97.0
801,UK,Feb-07,Enduro 350,0.0
802,UK,Feb-07,Enduro 450,127.0
803,UK,Feb-07,Enduro 550,0.0
804,UK,Feb-07,KingTwin,87.0
805,UK,Feb-07,MegaTwin,73.0
806,UK,Feb-07,RoadLiner,0.0
807,UK,Feb-07,RoadStar,0.0
808,UK,Feb-07,ST1200,0.0
809,UK,Feb-07,ST1200R,0.0
810,UK,Feb-07,ST900,0.0
811,UK,Feb-07,Victory,0.0
812,UK,Jan-07,200S,0.0
813,UK,Jan-07,300S,0.0
814,UK,Jan-07,600S,0.0
815,UK,Jan-07,626S,0.0
816,UK,Jan-07,676RS,0.0
817,UK,Jan-07,676S,0.0
818,UK,Jan-07,900S,0.0
819,UK,Jan-07,929S,0.0
820,UK,Jan-07,996RS,0.0
821,UK,Jan-07,996S,0.0
822,UK,Jan-07,Bandit 1200,0.0
823,UK,Jan-07,Bandit 1200S,0.0
824,UK,Jan-07,Bandit 900,0.0
825,UK,Jan-07,Boulevard,0.0
826,UK,Jan-07,CRS550,0.0
827,UK,Jan-07,CRX500,0.0
828,UK,Jan-07,CRX600,0.0
829,UK,Jan-07,CRX650,0.0
830,UK,Jan-07,Enduro 350,0.0
831,UK,Jan-07,Enduro 450,0.0
832,UK,Jan-07,Enduro 550,0.0
833,UK,Jan-07,KingTwin,0.0
834,UK,Jan-07,MegaTwin,0.0
835,UK,Jan-07,RoadLiner,0.0
836,UK,Jan-07,RoadStar,0.0
837,UK,Jan-07,ST1200,0.0
838,UK,Jan-07,ST1200R,0.0
839,UK,Jan-07,ST900,0.0
840,UK,Jan-07,Victory,0.0
841,UK,Mar-07,200S,0.0
842,UK,Mar-07,300S,30.0
843,UK,Mar-07,600S,30.0
844,UK,Mar-07,626S,28.0
845,UK,Mar-07,676RS,33.0
846,UK,Mar-07,676S,0.0
847,UK,Mar-07,900S,111.0
848,UK,Mar-07,929S,0.0
849,UK,Mar-07,996RS,0.0
850,UK,Mar-07,996S,0.0
851,UK,Mar-07,Bandit 1200,117.0
852,UK,Mar-07,Bandit 1200S,0.0
853,UK,Mar-07,Bandit 900,0.0
854,UK,Mar-07,Boulevard,0.0
855,UK,Mar-07,CRS550,112.0
856,UK,Mar-07,CRX500,0.0
857,UK,Mar-07,CRX600,0.0
858,UK,Mar-07,CRX650,0.0
859,UK,Mar-07,Enduro 350,0.0
860,UK,Mar-07,Enduro 450,66.0
861,UK,Mar-07,Enduro 550,53.0
862,UK,Mar-07,KingTwin,0.0
863,UK,Mar-07,MegaTwin,35.0
864,UK,Mar-07,RoadLiner,0.0
865,UK,Mar-07,RoadStar,42.0
866,UK,Mar-07,ST1200,0.0
867,UK,Mar-07,ST1200R,0.0
868,UK,Mar-07,ST900,46.0
869,UK,Mar-07,Victory,38.0
870,US,Feb-07,200S,88.0
871,US,Feb-07,300S,0.0
872,US,Feb-07,600S,0.0
873,US,Feb-07,626S,0.0
874,US,Feb-07,676RS,222.0
875,US,Feb-07,676S,0.0
876,US,Feb-07,900S,14.0
877,US,Feb-07,929S,0.0
878,US,Feb-07,996RS,0.0
879,US,Feb-07,996S,68.0
880,US,Feb-07,Bandit 1200,100.0
881,US,Feb-07,Bandit 1200S,0.0
882,US,Feb-07,Bandit 900,0.0
883,US,Feb-07,Boulevard,185.0
884,US,Feb-07,CRS550,0.0
885,US,Feb-07,CRX500,0.0
886,US,Feb-07,CRX600,0.0
887,US,Feb-07,CRX650,42.0
888,US,Feb-07,Enduro 350,0.0
889,US,Feb-07,Enduro 450,132.0
890,US,Feb-07,Enduro 550,0.0
891,US,Feb-07,KingTwin,40.0
892,US,Feb-07,MegaTwin,0.0
893,US,Feb-07,RoadLiner,20.0
894,US,Feb-07,RoadStar,80.0
895,US,Feb-07,ST1200,0.0
896,US,Feb-07,ST1200R,0.0
897,US,Feb-07,ST900,0.0
898,US,Feb-07,Victory,100.0
899,US,Jan-07,200S,0.0
900,US,Jan-07,300S,0.0
901,US,Jan-07,600S,0.0
902,US,Jan-07,626S,0.0
903,US,Jan-07,676RS,0.0
904,US,Jan-07,676S,0.0
905,US,Jan-07,900S,0.0
906,US,Jan-07,929S,0.0
907,US,Jan-07,996RS,0.0
908,US,Jan-07,996S,0.0
909,US,Jan-07,Bandit 1200,0.0
910,US,Jan-07,Bandit 1200S,0.0
911,US,Jan-07,Bandit 900,0.0
912,US,Jan-07,Boulevard,0.0
913,US,Jan-07,CRS550,0.0
914,US,Jan-07,CRX500,0.0
915,US,Jan-07,CRX600,0.0
916,US,Jan-07,CRX650,0.0
917,US,Jan-07,Enduro 350,0.0
918,US,Jan-07,Enduro 450,0.0
919,US,Jan-07,Enduro 550,0.0
920,US,Jan-07,KingTwin,0.0
921,US,Jan-07,MegaTwin,0.0
922,US,Jan-07,RoadLiner,0.0
923,US,Jan-07,RoadStar,0.0
924,US,Jan-07,ST1200,0.0
925,US,Jan-07,ST1200R,0.0
926,US,Jan-07,ST900,0.0
927,US,Jan-07,Victory,0.0
928,US,Mar-07,200S,0.0
929,US,Mar-07,300S,0.0
930,US,Mar-07,600S,5.0
931,US,Mar-07,626S,82.0
932,US,Mar-07,676RS,116.0
933,US,Mar-07,676S,0.0
934,US,Mar-07,900S,0.0
935,US,Mar-07,929S,0.0
936,US,Mar-07,996RS,0.0
937,US,Mar-07,996S,0.0
938,US,Mar-07,Bandit 1200,0.0
939,US,Mar-07,Bandit 1200S,0.0
940,US,Mar-07,Bandit 900,54.0
941,US,Mar-07,Boulevard,93.0
942,US,Mar-07,CRS550,97.0
943,US,Mar-07,CRX500,66.0
944,US,Mar-07,CRX600,63.0
945,US,Mar-07,CRX650,0.0
946,US,Mar-07,Enduro 350,0.0
947,US,Mar-07,Enduro 450,66.0
948,US,Mar-07,Enduro 550,0.0
949,US,Mar-07,KingTwin,0.0
950,US,Mar-07,MegaTwin,75.0
951,US,Mar-07,RoadLiner,0.0
952,US,Mar-07,RoadStar,0.0
953,US,Mar-07,ST1200,0.0
954,US,Mar-07,ST1200R,0.0
955,US,Mar-07,ST900,0.0
956,US,Mar-07,Victory,0.0
